{
  "Title": "26-2",
  "Composer": "John Coltrane",
  "Key": "F",
  "Rhythm": "Medium Up Swing",
  "TimeSignature": "4/4",
  "Sections": [
    {
      "Label": "A",
      "MainSegment": {
        "Chords": "Fmaj7,Ab7|Dbmaj7,E7|Amaj7,C7|Cm7,F7|Bbmaj7,Db7|Gbmaj7,A7|Dm7,G7|Gm7,C7"
      }
    },
    {
      "Label": "A",
      "MainSegment": {
        "Chords": "Fmaj7,Ab7|Dbmaj7,E7|Amaj7,C7|Cm7,F7|Bbmaj7,Ab7|Dbmaj7,E7|Amaj7,C7|Fmaj7"
      }
    },
    {
      "Label": "B",
      "MainSegment": {
        "Chords": "Cm7,F7|Em7,A7|Dmaj7,F7|Bbmaj7|Ebm7|Ab7|Dbmaj7|Gm7,C7"
      }
    },
    {
      "Label": "A",
      "MainSegment": {
        "Chords": "Fmaj7,Ab7|Dbmaj7,E7|Amaj7,C7|Cm7,F7|Bbmaj7,Ab7|Dbmaj7,E7|Amaj7,C7|Fmaj7"
      }
    }
  ]
}