{
  "Title": "52nd Street Theme",
  "Composer": "Thelonious Monk",
  "Rhythm": "Up Tempo Swing",
  "TimeSignature": "4/4",
  "Sections": [
    {
      "Label": "A",
      "Repeats": 1,
      "MainSegment": {
        "Chords": "C,Am7|Dm7,G7|C,Am7|Dm7,G7|C,Am7|Dm7,G7|C,G7|C"
      }
    },
    {
      "Label": "B",
      "MainSegment": {
        "Chords": "C7|C7|F6|F6|D7|D7|G7|G7"
      }
    },
    {
      "Label": "A",
      "MainSegment": {
        "Chords": "C,Am7|Dm7,G7|C,Am7|Dm7,G7|C,Am7|Dm7,G7|C,G7|C"
      }
    }
  ]
}