{
  "Title": "A Ballad",
  "Composer": "Gerry Mulligan",
  "Rhythm": "Ballad",
  "TimeSignature": "4/4",
  "Sections": [
    {
      "Label": "A",
      "MainSegment": {
        "Chords": "Dm7,G7|Cmaj7,Am7|C#m7,F#7#9|Bmaj7|Em7,A7b9#5|F#m7,B7b9"
      },
      "Endings": [
        {
          "Chords": "Em7,A7|Dmaj7,B7b13|Em7,Gm6|F#m7,F07|Em7,A7"
        },
        {
          "Chords": "Dm7,G7|Em7,A7b9|Dm7,Fm/maj7|Em7,Eb07|Dm7,G7|Cmaj7"
        }
      ]
    },
    {
      "MainSegment": {
        "Chords": "Fm7,Bb7|Gm7,Gb07|Fm7,Bb7b9|Ebmaj7|Ebm7,Ab7|Dbmaj7,Em7|Ebm7,Ab7b9|Dbmaj7,,Em7,A7"
      }
    },
    {
      "Label": "B",
      "MainSegment": {
        "Chords": "Dm7,G7|Cmaj7,Am7|C#m7,F#7#9|Bmaj7|Em7,A7b9#5|F#m7,B7b9|Em7,A7|F#m7,B7b9|Em7,Gm6|F#m7,F07|Em7,A7|Dmaj7"
      }
    },
    {
      "Label": "A",
      "MainSegment": {
        "Chords": "Dm7,G7|Em7,A7#9|A7#9,Ab7#9(Ab0),(A0),(Bb0),(B0)|G7,Cmaj9"
      }
    }
  ]
}