{
  "Title": "A Certain Smile",
  "Composer": "Fain-Webster",
  "Key": "F",
  "Rhythm": "Medium Swing",
  "TimeSignature": "4/4",
  "Sections": [
    {
      "Label": "A",
      "MainSegment": {
        "Chords": "Gm7|C7|F6|Dm7|Gm7|C7|Fmaj7|Fmaj7"
      }
    },
    {
      "Label": "B",
      "MainSegment": {
        "Chords": "Em7|A7|Dm7|G7|Cmaj7,Am7|Dm7,G7|Gm7|C7"
      }
    },
    {
      "Label": "A",
      "MainSegment": {
        "Chords": "Gm7|C7|F6|Dm7|Gm7|C7|Fmaj7|Cm7,F7"
      }
    },
    {
      "Label": "C",
      "MainSegment": {
        "Chords": "Bbmaj7|Am7b5,D7b9|Gm7|Bbm6|Fmaj7/C,Dm7|Gm7,C7|F6|F6"
      }
    }
  ]
}