{
  "Title": "A Felicidade",
  "Composer": "Antonio-Carlos Jobim",
  "Key": "Amin",
  "Rhythm": "Bossa Nova",
  "TimeSignature": "4/4",
  "Sections": [
    {
      "Label": "A",
      "Repeats": 1,
      "MainSegment": {
        "Chords": "Cmaj7(Am7)|Cmaj7(Am7)|Cmaj7|Cmaj7|Em7|B7b9|Em7,A7|Dm7,G7"
      }
    },
    {
      "Label": "B",
      "MainSegment": {
        "Chords": "Cmaj7|Cmaj7|Bm7b5|E7b9|Am7|Am7,(Abm7)|Gm7|C7|Fmaj7|Dm7|Am7|D7|Am7|Bm7b5,E7b9|Am7|G7"
      }
    },
    {
      "Label": "C",
      "MainSegment": {
        "Chords": "Cmaj7|F7|Cmaj7|Cmaj7|Gm7|C7|Fmaj7|Fmaj7|Dm7|G7|Cmaj7|Cmaj7|F#m7b5|B7b9|Em7,A7|Dm7,G7"
      }
    },
    {
      "Label": "D",
      "MainSegment": {
        "Chords": "Am7|Am7/G|D7/F#|Dm7/F|Am7|Bm7b5,E7b9|Am7|Am7"
      }
    }
  ]
}