{
  "Title": "A Fine Romance",
  "Composer": "Jerome Kern",
  "Rhythm": "Medium Swing",
  "TimeSignature": "4/4",
  "Sections": [
    {
      "Label": "A",
      "MainSegment": {
        "Chords": "C6|C#07|Dm6|D#07|Em7|Am7|Dm7|G7"
      }
    },
    {
      "Label": "B",
      "MainSegment": {
        "Chords": "C6|Eb07|Dm7|G7|Em7|A7|D7|G7"
      }
    },
    {
      "Label": "A",
      "MainSegment": {
        "Chords": "C6|C#07|Dm6|D#07|Em7|Am7|Dm7|G7"
      }
    },
    {
      "Label": "C",
      "MainSegment": {
        "Chords": "C6|C7|Fmaj7|F#m7b5,B7b9|Em7,A7|Dm7,G7|C6|Dm7,G7"
      }
    }
  ]
}