{
  "Title": "A Foggy Day",
  "Composer": "George Gershwin",
  "Key": "F",
  "Rhythm": "Medium Swing",
  "TimeSignature": "4/4",
  "Sections": [
    {
      "Label": "v",
      "MainSegment": {
        "Chords": "Fmaj7|Bb69|Fmaj7|Bb69|Fmaj7|E7|Am|D13|Gm7,C7|Fmaj7|Am,Am6|Am7,D13b9|Am9,D9|Gm7,C7|F6,D7|Gm7,C7"
      }
    },
    {
      "Label": "A",
      "MainSegment": {
        "Chords": "Fmaj7|D7b9|Gm7|C7|F6|Ab7|G7|C7"
      }
    },
    {
      "Label": "B",
      "MainSegment": {
        "Chords": ""
      },
      "Endings": [
        {
          "Chords": "Fmaj7|Cm7,F7|Bbmaj7|Eb7|Am7|D7|G7|C7"
        },
        {
          "Chords": "Cm7|F7|Bbmaj7|Eb7|Fmaj7/C,Gm7/C|Fmaj7/C,Gm7/C|Fmaj7/C,Dm7|Gm7,C7|F6|Gm7,C7"
        }
      ]
    }
  ]
}