{
  "Title": "A Lovely Way To Spend An Evening",
  "Composer": "Jimmy McHugh",
  "Key": "F",
  "Rhythm": "Ballad",
  "TimeSignature": "4/4",
  "Sections": [
    {
      "Label": "A",
      "MainSegment": {
        "Chords": "Bbmaj7|Gm7,C7|Am7|Dm7|Gm7|C7"
      },
      "Endings": [
        {
          "Chords": "Fmaj7|Cm7,F7"
        },
        {
          "Chords": "F6|Cm7,F7"
        }
      ]
    },
    {
      "Label": "B",
      "MainSegment": {
        "Chords": "Bbmaj7,Eb9|Am7,Dm7|Gm7,C7|Fmaj7|Em7b5,A7b9|Dm7|G7|C7,,Cm7,F7"
      }
    },
    {
      "Label": "A",
      "MainSegment": {
        "Chords": "Bbmaj7|Gm7,C7|Am7|Dm7|Gm7|C7|Fmaj7|Cm7,F7"
      }
    }
  ]
}