{
  "Title": "A Nightingale Sang In Berkeley Square",
  "Composer": "Manning Sherwin",
  "Key": "Eb",
  "Rhythm": "Ballad",
  "TimeSignature": "4/4",
  "Sections": [
    {
      "Label": "A",
      "MainSegment": {
        "Chords": "Ebmaj7,Cm7|Gm7,,Bbm7,Eb7|Abmaj7,,Dm7b5,G7|Cm,Abm6|Ebmaj7/Bb,Fm7|Ebmaj7/G,,Abm7,Db7|Ebmaj7,Cm7|Fm7,Bb7"
      },
      "Endings": [
        {
          "Chords": "Ebmaj7,Cm7|Fm7,Bb7"
        },
        {
          "Chords": "Ebmaj7|Am7b5,D7"
        }
      ]
    },
    {
      "Label": "B",
      "MainSegment": {
        "Chords": "Gmaj7,Em7|Am7,D7|Bm7,Bb07|Am7,D7|Gmaj7,Em7|Am7,D7|Bm7,Em7|Fm7,Bb7"
      }
    },
    {
      "Label": "A",
      "MainSegment": {
        "Chords": "Ebmaj7,Cm7|Gm7,,Bbm7,Eb7|Abmaj7,,Dm7b5,G7|Cm,Abm6|Ebmaj7/Bb,Fm7|Ebmaj7/G,,Abm7,Db7|Ebmaj7,Cm7|Fm7,Bb7|Ebmaj7,Cm7|Fm7,Bb7"
      }
    }
  ]
}