{
  "Title": "A Night In Tunisia",
  "Composer": "Dizzy Gillespie",
  "Key": "Dmin",
  "Rhythm": "Latin",
  "TimeSignature": "4/4",
  "Sections": [
    {
      "Label": "A",
      "Repeats": 1,
      "MainSegment": {
        "Chords": "Eb7|Dm6|Eb7|Dm6|Eb7|Dm6|Em7b5,A7b9|Dm"
      }
    },
    {
      "Label": "B",
      "MainSegment": {
        "Chords": "Am7b5|D7b9|Gm7|Gm7|Gm7b5|C7b9|Fmaj7|Em7b5,A7b9"
      }
    },
    {
      "Label": "A",
      "MainSegment": {
        "Chords": "Eb7|Dm6|Eb7|Dm6|Eb7|Dm6|Em7b5,A7b9|Dm"
      }
    },
    {
      "MainSegment": {
        "Chords": "Em7b5|Em7b5|Eb7#11|Eb7#11|Dm7|Dm7|G7#11|G7#11|Gm/maj7|Gm7|Gb7#9|Gb7#9|Fmaj7|Fmaj7|Em7b5|A7b9"
      }
    }
  ]
}