{
  "Title": "A Pretty Girl Is Like A Melody",
  "Composer": "Irving Berlin",
  "Key": "G",
  "Rhythm": "Medium Swing",
  "TimeSignature": "4/4",
  "Sections": [
    {
      "Label": "A",
      "MainSegment": {
        "Chords": "A7,Bb13|A7|Am9|D7|F#/G,G|F#/G,G|Gmaj9|Gmaj9|Dm7,G7|C6|F9|Gmaj7|A7|A7|D9|D9,C9,B7,Bb7"
      }
    },
    {
      "Label": "B",
      "MainSegment": {
        "Chords": "A7,Bb13|A7|Am9|D7|F#/G,G|Dm7,G7|Cmaj7,E7/B|Am7|C#m7,F#7|B7|Bm7,E7|Am7|Am7,Eb13|D7|G6|Am7,D7"
      }
    }
  ]
}