{
  "Title": "A Shade Of Jade",
  "Composer": "Joe Henderson",
  "Key": "Cmin",
  "Rhythm": "Up Tempo Swing",
  "TimeSignature": "4/4",
  "Sections": [
    {
      "Label": "A",
      "Repeats": 1,
      "MainSegment": {
        "Chords": "Cm7|Cm7|Cm7|Cm7|Dbmaj7#11|Dbmaj7#11|Ebmaj7#11,Emaj7#11|Dmaj7#11|Dbmaj7#11|Dbmaj7#11|Dbmaj7#11|Dbmaj7#11"
      }
    },
    {
      "Label": "B",
      "MainSegment": {
        "Chords": "Gbmaj7|Gbmaj7|F13b9|F13b9|Bbm/maj7|Bbm/maj7|Gm7b5|C7#9|Fmaj7,Dm7|Dm7|Bbm7,Ebmaj7|Ebmaj7|Gbmaj7#11,Dbmaj7#11|Dbmaj7#11|Dm7b5,Abmaj7|Abmaj7,G7b9"
      }
    },
    {
      "Label": "A",
      "MainSegment": {
        "Chords": "Cm7|Cm7|Cm7|Cm7|Dbmaj7#11|Dbmaj7#11|Ebmaj7#11,Emaj7#11|Dmaj7#11|Dbmaj7#11|Dbmaj7#11|Dbmaj7#11|Dbmaj7#11"
      }
    }
  ]
}