{
  "Title": "A Sleepin' Bee",
  "Composer": "Harold Arlen",
  "Key": "Ab",
  "Rhythm": "Medium Swing",
  "TimeSignature": "4/4",
  "Sections": [
    {
      "Label": "A",
      "MainSegment": {
        "Chords": "Abmaj7,Eb7sus|Abmaj7,Eb7sus|Abmaj7,D7|Dbmaj7,Gb7sus|Abmaj7,Db7|C7,F7|Bbm7,E7|Eb7,Db7"
      }
    },
    {
      "Label": "B",
      "MainSegment": {
        "Chords": "C9,C7b9|F13,F7b13|Bb13,Bb7b13|Eb9,Eb7b9|Ab13,Ab7b13|Db7|Bbm7,Cm7,Db6,D0|Eb7sus,Eb7"
      }
    },
    {
      "Label": "A",
      "MainSegment": {
        "Chords": "Abmaj7,Eb7sus|Abmaj7,Eb7sus|Abmaj7,D7|Dbmaj7,Gb7sus|Abmaj7,Db7|C7,F7|Bbm7,E7|Eb7,Db7"
      }
    },
    {
      "Label": "C",
      "MainSegment": {
        "Chords": "C9,C7b9|F13,F7b13|Bb13,Bb7b13|Eb9,Eb7b9|Abmaj7,Dbmaj7|C7,F7|Bb7,Eb7|C7,F7|Bb7|Eb7sus,Eb7|Ab6,Bmaj7|Emaj7,Amaj7"
      }
    }
  ]
}