{
  "Title": "A Tisket A Tasket",
  "Composer": "Traditional",
  "Key": "Eb",
  "Rhythm": "Medium Swing",
  "TimeSignature": "4/4",
  "Sections": [
    {
      "Label": "A",
      "MainSegment": {
        "Chords": "Ebmaj7|Ebmaj7|Ebmaj7,Abmaj7|Gm7,C7|Fm7|Bb7|Fm7,Bb7"
      },
      "Endings": [
        {
          "Chords": "Ebmaj7,Bb7"
        },
        {
          "Chords": "Ebmaj7,Eb7"
        }
      ]
    },
    {
      "Label": "B",
      "MainSegment": {
        "Chords": "Ab6|Abm6|Ebmaj7|Eb7|Ab6|Abm6|Gm7,C7|Fm7,Bb7"
      }
    },
    {
      "Label": "A",
      "MainSegment": {
        "Chords": "Ebmaj7|Ebmaj7|Ebmaj7,Abmaj7|Gm7,C7|Fm7|Bb7|Fm7,Bb7|Ebmaj7"
      }
    }
  ]
}