{
  "Title": "A Time For Love",
  "Composer": "Johnny Mandel",
  "Key": "F",
  "Rhythm": "Ballad",
  "TimeSignature": "4/4",
  "Sections": [
    {
      "Label": "A",
      "MainSegment": {
        "Chords": "Fmaj7|Eb7/F|F6|G7|Gm7|Gm7/F|Em7,A7|Em7b5/A,A7b9"
      }
    },
    {
      "Label": "B",
      "MainSegment": {
        "Chords": "Dm7|Eb7/Db|F7/C|G7|Gm7|Gm7/F|Em7,A7|Em7b5/A,A7b13"
      }
    },
    {
      "Label": "C",
      "MainSegment": {
        "Chords": "Dm7,A7|Dm7,G7|C6,E7b13|Am7,A7b13|Dm7,Cm6|Bm7b5,E7|C#m7,F#m7|Gm7,C7"
      }
    },
    {
      "Label": "D",
      "MainSegment": {
        "Chords": "Fmaj7|Em7b5,A7b9|Dm7|G7|Gm7|Gm7/F|Em7,A7|Em7b5,A7b9|Dm7|G7|Gm7|C7|F6|C7sus"
      }
    }
  ]
}