{
  "Title": "A Weaver Of Dreams",
  "Composer": "Victor Young",
  "Rhythm": "Medium Swing",
  "TimeSignature": "4/4",
  "Sections": [
    {
      "Label": "A",
      "MainSegment": {
        "Chords": "Cmaj7|Cmaj7|Bm7b5|E7b9|Am7|Am7|Gm7|C7"
      }
    },
    {
      "Label": "B",
      "MainSegment": {
        "Chords": "Fmaj7|Bb7#11|Em7|A7|D7|D7|Dm7|G7"
      }
    },
    {
      "Label": "A",
      "MainSegment": {
        "Chords": "Cmaj7|Cmaj7|Bm7b5|E7b9|Am7|Am7|Gm7|C7"
      }
    },
    {
      "Label": "C",
      "MainSegment": {
        "Chords": "Fmaj7|Bb7#11|Em7|Ebm7,Ab7|Dm7|G7|Cmaj7|Dm7,G7"
      }
    }
  ]
}