{
  "Title": "Ac-Cent-Tchu-Ate The Positive",
  "Composer": "Harold Arlen",
  "Key": "F",
  "Rhythm": "Medium Swing",
  "TimeSignature": "4/4",
  "Sections": [
    {
      "Label": "A",
      "Repeats": 1,
      "MainSegment": {
        "Chords": "F,Faug|F6,Fmaj7|Gm7|C7|F,Faug|F6,Fmaj7|Gm7,C7|F6,C7"
      }
    },
    {
      "Label": "B",
      "MainSegment": {
        "Chords": "F6|F7|Bbmaj7,,Gm7,C7|F6,C7|F6|D7b9|G7#5|C7"
      }
    },
    {
      "Label": "A",
      "MainSegment": {
        "Chords": "F,Faug|F6,Fmaj7|Gm7|C7|F,Faug|F6,Fmaj7|Gm7,C7|F6,C7"
      }
    }
  ]
}