{
  "Title": "Across The Alley From The Alamo",
  "Composer": "Joe Greene",
  "Key": "F",
  "Rhythm": "Medium Swing",
  "TimeSignature": "4/4",
  "Sections": [
    {
      "Label": "A",
      "MainSegment": {
        "Chords": "Fmaj7|Fmaj7|Fmaj7|Fmaj7|C7|C7"
      },
      "Endings": [
        {
          "Chords": "Gm7,C7|Fmaj7"
        },
        {
          "Chords": "Gm7,C7|Fmaj7,F7"
        }
      ]
    },
    {
      "Label": "B",
      "MainSegment": {
        "Chords": "Bbmaj7|Fmaj7,F7|Bbmaj7,Bbm7|Fmaj7|A7|Dm7|G7|C7"
      }
    },
    {
      "Label": "A",
      "MainSegment": {
        "Chords": "Fmaj7|Fmaj7|Fmaj7|Fmaj7|C7|C7|Gm7,C7|Fmaj7"
      }
    }
  ]
}