{
  "Title": "African Flower",
  "Composer": "Duke Ellington",
  "Key": "Ebmin",
  "Rhythm": "Latin",
  "TimeSignature": "4/4",
  "Sections": [
    {
      "Label": "A",
      "MainSegment": {
        "Chords": "Ebm7|Ebm7|Ebm7|Ebm7|Abm7|Gbm7|Ebm7|Ebm7|Bbm7b5|Bbm7b5|Ebm7|Ebm7"
      }
    },
    {
      "Label": "A",
      "MainSegment": {
        "Chords": "Ebm7|Ebm7|Ebm7|Ebm7|Abm7|Gbm7|Ebm7|Ebm7|Bbm7|Bbm7|Ebm7|Ebm7"
      }
    },
    {
      "Label": "B",
      "MainSegment": {
        "Chords": "Gbmaj7|Gbmaj7|B7|B7|Gbmaj7|Gbmaj7|Gb7#11|Gb7#11"
      }
    },
    {
      "Label": "C",
      "MainSegment": {
        "Chords": "Ab7|Abm7|Gbm7|Ebm7|Dm7|Bb7b5|Ebm7|Ebm7"
      }
    }
  ]
}