{
  "Title": "After You",
  "Composer": "Cole Porter",
  "Rhythm": "Ballad",
  "TimeSignature": "4/4",
  "Sections": [
    {
      "Label": "A",
      "MainSegment": {
        "Chords": "Cmaj7|G7b9|Cmaj7,G7#5|Cmaj7,E7#5|Am7|D7|Dm7|G7b9|Cmaj7|G7b9|Cmaj7,G7#5|Cmaj7,E7#5|Am7|D7"
      }
    },
    {
      "Label": "B",
      "MainSegment": {
        "Chords": "Gmaj7|D7b9|Gm7|C7|Fmaj7,C7b9|F6|Fm7|Bb7|Dm7b5|G7b9"
      }
    },
    {
      "Label": "C",
      "MainSegment": {
        "Chords": "Cmaj7|G7b9|Cmaj7,A7|Dm7,Fm6|Em7,Am7|D7,G7|C6|C6"
      }
    }
  ]
}