{
  "Title": "Agua De Beber",
  "Composer": "Antonio-Carlos Jobim",
  "Key": "Dmin",
  "Rhythm": "Bossa Nova",
  "TimeSignature": "4/4",
  "Sections": [
    {
      "Label": "i",
      "Repeats": 1,
      "MainSegment": {
        "Chords": "Dm7|E7#9,A7b13|Dm7|E7#9,A7b13|Dm7|Bbmaj7|Dm7|Dm7"
      }
    },
    {
      "Label": "A",
      "MainSegment": {
        "Chords": "E7b9|A7alt|Dm7|G7|Gm7|C7|Fmaj7|Fmaj7|E7,Eb7|Dm7,Db07|F7/C|E7#9/B|E7b9|A7sus|Dm7|D7b9"
      }
    },
    {
      "Label": "B",
      "MainSegment": {
        "Chords": "G7|Gm7|Dm7|D7b9|G7|Gm7|Dm7|A7b13"
      }
    },
    {
      "Label": "C",
      "MainSegment": {
        "Chords": "Dm7|E7#9,A7b13|Dm7|E7#9,A7b13|Dm7|Bbmaj7|Dm7|Dm7"
      }
    }
  ]
}