{
  "Title": "Ain't She Sweet",
  "Composer": "Milton Ager",
  "Key": "Eb",
  "Rhythm": "Medium Up Swing",
  "TimeSignature": "4/4",
  "Sections": [
    {
      "Label": "A",
      "MainSegment": {
        "Chords": "Eb6,E07|Fm7,Bb7|Eb6,E07|Fm7,Bb7|Eb6,G7|C7|F7,Bb7"
      },
      "Endings": [
        {
          "Chords": "Eb6,Bb7"
        },
        {
          "Chords": "Eb7"
        }
      ]
    },
    {
      "Label": "B",
      "MainSegment": {
        "Chords": "Ab7|Ab7|Eb6|Eb7|Ab7|Ab7|Eb6|Fm7,Bb7"
      }
    },
    {
      "Label": "A",
      "MainSegment": {
        "Chords": "Eb6,E07|Fm7,B7|Eb6,E07|Fm7,Bb7|Eb6,G7|C7|F7,Bb7|Eb6"
      }
    }
  ]
}