{
  "Title": "Ain't Misbehavin'",
  "Composer": "Fats Waller",
  "Rhythm": "Medium Swing",
  "TimeSignature": "4/4",
  "Sections": [
    {
      "Label": "A",
      "MainSegment": {
        "Chords": "C6,A7|Dm7,G7|C6,C7/E|F6,Fm6|C6/E,A7|Dm7,G7"
      },
      "Endings": [
        {
          "Chords": "E7,A7|D7,G7"
        },
        {
          "Chords": "C6,Fm6|C6,E7"
        }
      ]
    },
    {
      "Label": "B",
      "MainSegment": {
        "Chords": "Am|F7|D7|A7|G6,E7|Am7,D7|G6,A7|D7,G7"
      }
    },
    {
      "Label": "A",
      "MainSegment": {
        "Chords": "C6,A7|Dm7,G7|C6,C7/E|F6,Fm6|C6/E,A7|Dm7,G7|C6,Am7|Dm7,G7"
      }
    }
  ]
}