{
  "Title": "Airegin",
  "Composer": "Sonny Rollins",
  "Key": "Fmin",
  "Rhythm": "Up Tempo Swing",
  "TimeSignature": "4/4",
  "Sections": [
    {
      "Label": "A",
      "MainSegment": {
        "Chords": "Fm|C7b5#9|Fm|F7|Bbm|F7b5#9|Bbm|Bbm"
      }
    },
    {
      "Label": "B",
      "MainSegment": {
        "Chords": "Dbmaj7|Dm7,G7|Cmaj7|C#m7,F#7|Bmaj7|Cm7,F7|Bbmaj7|Bbmaj7|Bbm7|Eb7|Abmaj7|Gm7b5,C7b9"
      }
    },
    {
      "Label": "A",
      "MainSegment": {
        "Chords": "Fm|C7b5#9|Fm|F7|Bbm|F7b5#9|Bbm|Bbm"
      }
    },
    {
      "Label": "C",
      "MainSegment": {
        "Chords": "Dbmaj7|Dm7,G7|Cm7b5|F7|Bbm7|Eb7|Abmaj7|Gm7b5,C7b9"
      }
    }
  ]
}