{
  "Title": "Alexander's Ragtime Band",
  "Composer": "Irving Berlin",
  "Key": "F",
  "Rhythm": "Medium Swing",
  "TimeSignature": "4/4",
  "Sections": [
    {
      "Label": "A",
      "MainSegment": {
        "Chords": "F6|F6|G7,C7|F6|Bb6|Bb6|Bb6|Bb6"
      }
    },
    {
      "Label": "B",
      "MainSegment": {
        "Chords": "F6|F6|F6|F6|G7|G7|C7|Gm7,C7"
      }
    },
    {
      "Label": "A",
      "MainSegment": {
        "Chords": "F6|F6|G7,C7|F6|Bb6|Bb6|Bb6|Bb6"
      }
    },
    {
      "Label": "C",
      "MainSegment": {
        "Chords": "F6|F7|Bb6|B07|F6|F6|C7|F6"
      }
    }
  ]
}