{
  "Title": "Alfie's Theme",
  "Composer": "Sonny Rollins",
  "Key": "Bbmin",
  "Rhythm": "Medium Swing",
  "TimeSignature": "4/4",
  "Sections": [
    {
      "Label": "A",
      "Repeats": 1,
      "MainSegment": {
        "Chords": "Bbm7,Bbm7/Ab|Gm7b5,Gbmaj7|Bbm7/F,Gm7b5|Cm7b5,F7b9|Bbm7,Bbm7/Ab|Gm7b5,E07|Bbm7/F,Gm7b5|Cm7b5,F7,Bbm7,"
      }
    },
    {
      "Label": "B",
      "MainSegment": {
        "Chords": "Bbm7,Ab7|Gb7,F7b9|Bbm7,Ab7|Gb7,F7b9|Bbm7,Ab7|Gb7,F7b9|Bbm7,Ab7|Gb7,F7b9"
      }
    },
    {
      "Label": "A",
      "MainSegment": {
        "Chords": "Bbm7,Bbm7/Ab|Gm7b5,Gbmaj7|Bbm7/F,Gm7b5|Cm7b5,F7b9|Bbm7,Bbm7/Ab|Gm7b5,E07|Bbm7/F,Gm7b5|Cm7b5,F7,Bbm7,"
      }
    }
  ]
}