{
  "Title": "Alfie",
  "Composer": "Burt Bacharach",
  "Key": "Bb",
  "Rhythm": "Ballad",
  "TimeSignature": "4/4",
  "Sections": [
    {
      "Label": "A",
      "MainSegment": {
        "Chords": "Bbmaj7|F7sus|Bbmaj7|Dm7,G7|Cm7|Dm7,Gm7|Cm7,F7sus|Bb07"
      },
      "Endings": [
        {
          "Chords": "F7sus|F7,F7#5"
        }
      ]
    },
    {
      "Label": "B",
      "MainSegment": {
        "Chords": ""
      },
      "Endings": [
        {
          "Chords": "Am7|Bbm/C,C7|Am7|C7sus|Am7|Bbm/C,C7|F7sus|F6,F7"
        }
      ]
    },
    {
      "MainSegment": {
        "Chords": "Bbmaj7|F7sus|Em7b5,Eb7|Dm7,Gm7|Em7b5,Eb7|Dm7,Gm7|C7#11|Cm7,F7sus|Bb07|F7sus|B07|Cm9|B07|Bbmaj7"
      }
    }
  ]
}