{
  "Title": "Alice In Wonderland",
  "Composer": "Sammy Fain",
  "Rhythm": "Waltz",
  "TimeSignature": "3/4",
  "Sections": [
    {
      "Label": "A",
      "MainSegment": {
        "Chords": "Dm7|G7|Cmaj7|Fmaj7|Bm7b5|E7b9|Am7|Eb7#11|Dm7|G7|Em7|Am7|Dm7|G7"
      },
      "Endings": [
        {
          "Chords": "Em7|A7"
        },
        {
          "Chords": "Cmaj7|Cmaj7"
        }
      ]
    },
    {
      "Label": "B",
      "MainSegment": {
        "Chords": "D7|G7|Em7|Am7|Dm7|G7|Cmaj7|Fmaj7|F#m7b5|B7b9|Em7|A7|Dm7|A7|Dm7|G7"
      }
    }
  ]
}