{
  "Title": "All Too Soon",
  "Composer": "Duke Ellington",
  "Rhythm": "Ballad",
  "TimeSignature": "4/4",
  "Sections": [
    {
      "Label": "A",
      "MainSegment": {
        "Chords": "Cmaj7,Am7|Dm7,G7|Cmaj7,C7|Fmaj7,Bb7|Em7,A7#9|Dm7,G7"
      },
      "Endings": [
        {
          "Chords": "Em7,A7|Dm7,G7"
        },
        {
          "Chords": "C6,Bb7|C6,G7#5"
        }
      ]
    },
    {
      "Label": "B",
      "MainSegment": {
        "Chords": "C6/G,G7#5|C7|Gm7,C7#5|Fmaj7|B7,Bb7|A7b9|D7|G7#5"
      }
    },
    {
      "Label": "A",
      "MainSegment": {
        "Chords": "Cmaj7,Am7|Dm7,G7|Cmaj7,C7|Fmaj7,Bb7|Em7,A7#9|Dm7,G7|C6,Am7|Dm7,G7"
      }
    }
  ]
}