{
  "Title": "All Through The Night",
  "Composer": "Cole Porter",
  "Key": "F",
  "Rhythm": "Medium Swing",
  "TimeSignature": "4/4",
  "Sections": [
    {
      "Label": "A",
      "MainSegment": {
        "Chords": "Fmaj7|Em7b5,A7b9|Dm7,Db7|Cm7,F7b9|Bbmaj7|Bbm7,Eb7b9|Abmaj7|Abmaj7"
      },
      "Endings": [
        {
          "Chords": "Am7b5|D7b9|Gm7b5|C7b9|F6|D7b9|Gm7|C7b9"
        },
        {
          "Chords": "Emaj7|E7|Bbm7b5|Eb7b9|Abmaj7|Abmaj7|Gm7b5|C7b9"
        }
      ]
    },
    {
      "Label": "B",
      "MainSegment": {
        "Chords": "Fm7|Dm7b5|Gm7b5|C7b9|Ebm7|Ab7|Db6|Db6|Gm7b5|C7b9|Fm7|Fm7/Eb|Dm7b5|G7b9|Gm7b5|C7b9"
      }
    },
    {
      "Label": "C",
      "MainSegment": {
        "Chords": "Fmaj7|Em7b5,A7b9|Dm7,Db7|Cm7,F7b9|Bbmaj7|Bbmaj7|Bbm7|Eb7|Am7|D7|Gm7|C7b9|F6|D7#9|Gm7|C7b9"
      }
    }
  ]
}