{
  "Title": "All The Things You Are",
  "Composer": "Jerome Kern",
  "Key": "Ab",
  "Rhythm": "Medium Up Swing",
  "TimeSignature": "4/4",
  "Sections": [
    {
      "Label": "B",
      "MainSegment": {
        "Chords": "Fm7|Bbm7|Eb7|Abmaj7|Dbmaj7|Dm7,G7|Cmaj7|Cmaj7"
      }
    },
    {
      "Label": "C",
      "MainSegment": {
        "Chords": "Cm7|Fm7|Bb7|Ebmaj7|Abmaj7|Am7,D7|Gmaj7|Gmaj7"
      }
    },
    {
      "Label": "D",
      "MainSegment": {
        "Chords": "Am7|D7|Gmaj7|Gmaj7|F#m7b5|B7b9|Emaj7|C7b13"
      }
    },
    {
      "MainSegment": {
        "Chords": "Fm7|Bbm7|Eb7|Abmaj7|Dbmaj7|Dbm/maj7|Cm7|B07|Bbm7|Eb7|Abmaj7|Gm7b5,C7b9"
      }
    }
  ]
}