{
  "Title": "All At Once You Love Her",
  "Composer": "Rodgers-Hammerstein",
  "Key": "F",
  "Rhythm": "Medium Swing",
  "TimeSignature": "4/4",
  "Sections": [
    {
      "Label": "A",
      "MainSegment": {
        "Chords": "Fmaj7|Fmaj7,Dm7|Gm7|C7|Gm7|C7"
      },
      "Endings": [
        {
          "Chords": "F07|F6,C7"
        },
        {
          "Chords": "A7|Dm7"
        }
      ]
    },
    {
      "Label": "B",
      "MainSegment": {
        "Chords": "Bbmaj7|Bbmaj7|Fmaj7|Dm7|G7sus|G7sus|G7|C7"
      }
    },
    {
      "Label": "C",
      "MainSegment": {
        "Chords": "Fmaj7|Fmaj7,Dm7|Gm7|C7|Gm7|C7|Cm7|F7|Bbmaj7|Gm7,C7|Fmaj7|Bb7|Fmaj7|C7|F6|Gm7,C7"
      }
    }
  ]
}