{
  "Title": "All By Myself",
  "Composer": "Irving Berlin",
  "Rhythm": "Medium Swing",
  "TimeSignature": "4/4",
  "Sections": [
    {
      "Label": "A",
      "MainSegment": {
        "Chords": "Cmaj7|Cmaj7|D7|D7|G7|G7|Em7,A7|Dm7,G7"
      }
    },
    {
      "Label": "B",
      "MainSegment": {
        "Chords": "Cmaj7|Cmaj7|F#m7b5,B7|E7|Am7|D7|Dm7|G7"
      }
    },
    {
      "Label": "A",
      "MainSegment": {
        "Chords": "Cmaj7|Cmaj7|D7|D7|G7|G7|E7|E7"
      }
    },
    {
      "Label": "C",
      "MainSegment": {
        "Chords": "Fmaj7|F#07|Cmaj7/G|A7|D7|G7|C6,Am7|Dm7,G7"
      }
    }
  ]
}