{
  "Title": "All My Tomorrows",
  "Composer": "Jimmy Van-Heusen",
  "Key": "G",
  "Rhythm": "Ballad",
  "TimeSignature": "4/4",
  "Sections": [
    {
      "Label": "A",
      "MainSegment": {
        "Chords": "Am7|Am7b5,D7b9|Bm7|Bb07(Bbm7),(Eb7)|Am7|Bm7,E7b9|Am7,D7b9|Bm7,E7b9"
      }
    },
    {
      "Label": "A",
      "MainSegment": {
        "Chords": "Am7|Cm6,F7|Bm7|Bb07(Bbm7),(Eb7)|Am7|Bm7,E7b9|Am7,D7b9|Dm7,G7"
      }
    },
    {
      "Label": "B",
      "MainSegment": {
        "Chords": "Cmaj7|Cm7,F7|Bm7,E7|F#m7b5,B7b9|Em7|Am7,D7|B7#9,E7b9|Am7,,Bm7,E7"
      }
    },
    {
      "Label": "C",
      "MainSegment": {
        "Chords": "Am7|Cm6,F7|Bm7|Bb07(Bbm7),(Eb7)|Am7|Bm7,E7b9|Am7,D7b9|Bm7,E7b9|Am7|Cm6,D7|G6|Bm7,E7b9"
      }
    }
  ]
}