{
  "Title": "All God's Chillun Got Rhythm",
  "Composer": "Kahn-Kaper",
  "Key": "F",
  "Rhythm": "Medium Up Swing",
  "TimeSignature": "4/4",
  "Sections": [
    {
      "Label": "A",
      "MainSegment": {
        "Chords": "Fmaj7,Dm7|Gm7,C7|Am7,D7|Gm7,C7|Fmaj7,Dm7|Gm7,C7|Am7b5|D7b9"
      }
    },
    {
      "Label": "B",
      "MainSegment": {
        "Chords": "Bm7b5,E7|Am7,D7|Gm7,C7|Fmaj7|A7|Dm7|G7|C7"
      }
    },
    {
      "Label": "A",
      "MainSegment": {
        "Chords": "Fmaj7,Dm7|Gm7,C7|Am7,D7|Gm7,C7|Fmaj7,Dm7|Gm7,C7|Am7b5|D7b9"
      }
    },
    {
      "Label": "C",
      "MainSegment": {
        "Chords": "Bm7b5,E7|Am7,D7|Gm7,C7|Eb7,D7|Gm7|C7|F6,(D7)|F6(Gm7),(C7)"
      }
    }
  ]
}