{
  "Title": "All Of Me",
  "Composer": "Gerald Marks",
  "Rhythm": "Medium Swing",
  "TimeSignature": "4/4",
  "Sections": [
    {
      "Label": "A",
      "MainSegment": {
        "Chords": "Cmaj7|Cmaj7|E7|E7|A7|A7|Dm7|Dm7"
      }
    },
    {
      "Label": "B",
      "MainSegment": {
        "Chords": "E7|E7|Am7|Am7|D7|D7|Dm7|G7"
      }
    },
    {
      "Label": "A",
      "MainSegment": {
        "Chords": "Cmaj7|Cmaj7|E7|E7|A7|A7|Dm7|Dm7"
      }
    },
    {
      "Label": "C",
      "MainSegment": {
        "Chords": "Fmaj7|Fm6(F#07)|Em7(Cmaj7/G)|A7|Dm7|G7|C6,Eb07|Dm7,G7"
      }
    }
  ]
}