{
  "Title": "All Or Nothing At All",
  "Composer": "Arthur Altman",
  "Key": "Amin",
  "Rhythm": "Medium Up Swing",
  "TimeSignature": "4/4",
  "Sections": [
    {
      "Label": "A",
      "MainSegment": {
        "Chords": "Am|Am/maj7|Am7|Am6|Am|Am(Gm7),(C7)|Bb7|Bb7|Gm7|Gm7(Em7b5),(A7b9)|Dm7|D#07|Dm7|Db7#11"
      },
      "Endings": [
        {
          "Chords": "Cmaj7|Bm7b5,E7b9"
        },
        {
          "Chords": "Cmaj7|Bbm7,Eb7"
        }
      ]
    },
    {
      "Label": "B",
      "MainSegment": {
        "Chords": "Abmaj7|Abmaj7|Abmaj7|Bbm7,Eb7|Abmaj7|Abmaj7|Bbm7|Eb7|Bbm7|Eb7|Bbm7|Gm7b5,C7b9|Fm7,Fm7/Eb|Db7|C7|Bm7b5,E7b9"
      }
    },
    {
      "Label": "A",
      "MainSegment": {
        "Chords": "E7|Am7|Fm6|Cmaj7|E7b9"
      }
    }
  ]
}