{
  "Title": "All Through The Day",
  "Composer": "Kern-Hammerstein",
  "Key": "F",
  "Rhythm": "Medium Swing",
  "TimeSignature": "4/4",
  "Sections": [
    {
      "Label": "A",
      "MainSegment": {
        "Chords": "Fmaj7|Gm7,C7|Fmaj7|Gm7,C7|Fmaj7|G7|Gm7|C7"
      }
    },
    {
      "Label": "B",
      "MainSegment": {
        "Chords": "Fmaj7|Gm7,C7|Fmaj7|Gm7,C7|Fmaj7,Dm7|G7,C7|F6|F7"
      }
    },
    {
      "Label": "C",
      "MainSegment": {
        "Chords": "Gm7|C7|Gm7|C7|Gm7|G7|Gm7|C7"
      }
    },
    {
      "Label": "D",
      "MainSegment": {
        "Chords": "Abmaj7|Bbm7,Eb7|Abmaj7|Gm7,C7|Fmaj7,Dm7|Gm7,C7|F6,Bbm6|F6,C7"
      }
    }
  ]
}