{
  "Title": "Almost Like Being In Love",
  "Composer": "Frederick Loewe",
  "Key": "Ab",
  "Rhythm": "Medium Swing",
  "TimeSignature": "4/4",
  "Sections": [
    {
      "Label": "A",
      "MainSegment": {
        "Chords": "Dbmaj7|Eb7|Abmaj7(Cm7)|Cm7(Fm7),F7|Bbm7|Eb7"
      },
      "Endings": [
        {
          "Chords": "Ab6|Ebm7,Ab7"
        },
        {
          "Chords": "Ab6|Ab6"
        }
      ]
    },
    {
      "Label": "B",
      "MainSegment": {
        "Chords": "Gm7|C7|Fmaj7|Fmaj7|Fm7|Bb7|Gm7(C7)|C7(Ebm7),(Ab7)"
      }
    },
    {
      "Label": "A",
      "MainSegment": {
        "Chords": "Dbmaj7|Eb7|Abmaj7(Cm7)|Cm7(Fm7),F7|Bbm7|B07|Ab6/C|B07|Bbm7|Eb7|Ab6|Ebm7,Ab7"
      }
    }
  ]
}