{
  "Title": "Always",
  "Composer": "Irving Berlin",
  "Key": "F",
  "Rhythm": "Waltz",
  "TimeSignature": "3/4",
  "Sections": [
    {
      "Label": "A",
      "MainSegment": {
        "Chords": "Fmaj7|F6|Fmaj7|F6|Gm7|C7|Fmaj7|C7"
      }
    },
    {
      "Label": "B",
      "MainSegment": {
        "Chords": "Fmaj7|F6|Amaj7|F#m7|Bm7|E7|A7|C7"
      }
    },
    {
      "Label": "C",
      "MainSegment": {
        "Chords": "Fmaj7|F6|Fmaj7|F7,E7,Eb7,|D7|D7|Gm7|Gm7"
      }
    },
    {
      "Label": "D",
      "MainSegment": {
        "Chords": "Gm7|Eb7|Fmaj7|G7|Gm7|C7|F6|C7"
      }
    }
  ]
}