{
  "Title": "Am I Blue?",
  "Composer": "Harry Akst",
  "Key": "F",
  "Rhythm": "Medium Swing",
  "TimeSignature": "4/4",
  "Sections": [
    {
      "Label": "B",
      "MainSegment": {
        "Chords": "Fmaj7|Am7,D7|Gm7|C7|F7,D7|G7,C7"
      },
      "Endings": [
        {
          "Chords": "F6,D7|Gm7,C7"
        },
        {
          "Chords": "F6|F6,E7b9"
        }
      ]
    },
    {
      "Label": "C",
      "MainSegment": {
        "Chords": "Am7|Am7|Bm7b5|E7b13|Bm7b5|E7b13|Am7,D7|Gm7,C7"
      }
    },
    {
      "MainSegment": {
        "Chords": "Fmaj7|Am7,D7|Gm7|C7|F7,D7|G7,C7|F6|Gm7,C7"
      }
    }
  ]
}