{
  "Title": "Among My Souvenirs",
  "Composer": "Horatio Nicholls",
  "Key": "Eb",
  "Rhythm": "Ballad",
  "TimeSignature": "4/4",
  "Sections": [
    {
      "Label": "A",
      "MainSegment": {
        "Chords": "Ebmaj7,C7b9|Fm7,Bb7|Fm7,Bb7|Ebmaj7,Ab7|Gm7,Gb7|Fm7|Bb7"
      },
      "Endings": [
        {
          "Chords": "Ebmaj7"
        },
        {
          "Chords": "Ebmaj7|Eb7"
        }
      ]
    },
    {
      "Label": "B",
      "MainSegment": {
        "Chords": "Abmaj7|Fm7,Bb7|Ebmaj7|Cm7|Fm7|Bb7|G7,Cm7|F7,Bb7#5"
      }
    },
    {
      "Label": "A",
      "MainSegment": {
        "Chords": "Ebmaj7,C7b9|Fm7,Bb7|Fm7,Bb7|Ebmaj7,Ab7|Gm7,Gb7|Fm7|Bb7|Eb6"
      }
    }
  ]
}