{
  "Title": "Ana Maria",
  "Composer": "Wayne Shorter",
  "Key": "G",
  "Rhythm": "Even 8ths",
  "TimeSignature": "4/4",
  "Sections": [
    {
      "Label": "A",
      "MainSegment": {
        "Chords": "Gmaj7|Ebmaj7/G|G7sus|Ebmaj7/G|Dbmaj7/F|Gbmaj7#11|Abm7|Bb/Ab|Gm7|C7sus|D/C|C7sus|Ab/C,Bb/C|Ab/C"
      }
    },
    {
      "Label": "B",
      "Repeats": 1,
      "MainSegment": {
        "Chords": "G7b9sus|Ebmaj7/G"
      }
    },
    {
      "Label": "C",
      "MainSegment": {
        "Chords": "Gmaj7|G7sus|Eb/F,E7alt|Eb7sus|Dmaj7,F7#5|Bbm7|Abm7|Bb/Ab|Gm7|C7sus|Bbmaj7,Am7|Fm7|Bb7sus|Bb7sus|Db7sus|Db7sus"
      }
    },
    {
      "MainSegment": {
        "Chords": "Bm7|Bm7|Ebm7|Ebm7|Dmaj7,F7#5|Bbm7|Abm7|Bb/Ab|Gm7|C7sus|Bbmaj7,Am7|Fm7,Em7"
      }
    },
    {
      "Repeats": 1,
      "MainSegment": {
        "Chords": "G7b9sus|Ebmaj7/G"
      }
    }
  ]
}