{
  "Title": "Angel Eyes",
  "Composer": "Matt Dennis",
  "Key": "Cmin",
  "Rhythm": "Ballad",
  "TimeSignature": "4/4",
  "Sections": [
    {
      "Label": "A",
      "Repeats": 1,
      "MainSegment": {
        "Chords": "Cm,,D7,Db7(G7)|Cm,Ab7|Cm,Am7b5|Dm7b5,G7b9|Cm,,D7,Db7(G7)|Cm,A7alt|Ab7,G7b9|Cm,,(Dm7b5),(G7)"
      }
    },
    {
      "Label": "B",
      "MainSegment": {
        "Chords": "Bbm7,Eb7|Abmaj7,F7|Bbm7,Eb7|Abmaj7|Am7,D7|Gmaj7|C#m7,F#7|Dm7,G7"
      }
    },
    {
      "Label": "A",
      "MainSegment": {
        "Chords": "Cm,,D7,Db7(G7)|Cm,Ab7|Cm,Am7b5|Dm7b5,G7b9|Cm,,D7,Db7(G7)|Cm,A7alt|Ab7,G7b9|Cm,,(Dm7b5),(G7)"
      }
    }
  ]
}