{
  "Title": "Anything Goes",
  "Composer": "Cole Porter",
  "Rhythm": "Medium Swing",
  "TimeSignature": "4/4",
  "Sections": [
    {
      "Label": "v",
      "MainSegment": {
        "Chords": "Cm|Ab|Cm|Cm|Db|Db|G7|G7|C7|C7|C7|Fm|G7|Cm|G,D7|G7"
      }
    },
    {
      "Label": "A",
      "MainSegment": {
        "Chords": "C6(Cmaj7),(Dm7)|C6(Em7),(Dm7)|C6(Cmaj7),(Dm7)|C7(Gm7),(C9)|F6|Bb9(Dm7),(G9sus)"
      },
      "Endings": [
        {
          "Chords": "C6,Am7|Dm7,G7"
        },
        {
          "Chords": "C6|F#m7,B7"
        }
      ]
    },
    {
      "Label": "B",
      "MainSegment": {
        "Chords": "Emaj7,C#7b9|F#m7,B7|E7(Cmaj9)|B7|Em7|A9(Em7/D)|Dm9(C#m7b5)|G7(Dm7),(G7)"
      }
    },
    {
      "Label": "C",
      "MainSegment": {
        "Chords": "C6(Cmaj7),(Dm7)|C6(Em7),(Dm7)|C6(Cmaj7),(Dm7)|C7(Gm7),(C9)|F6,Em7|Dm7(Bb9),G9sus|C6,Am7|Dm7,G7"
      }
    }
  ]
}