{
  "Title": "April",
  "Composer": "Lennie Tristano",
  "Key": "G",
  "Rhythm": "Medium Up Swing",
  "TimeSignature": "4/4",
  "Sections": [
    {
      "Label": "A",
      "MainSegment": {
        "Chords": "Gmaj7|Gmaj7|C7|C7|C7|C7|C7|C7|Eb7|D7|Bm7b5|E7b9|Am7|Abmaj7|Gmaj7|Gmaj7"
      }
    },
    {
      "Label": "B",
      "MainSegment": {
        "Chords": "Cm7|Cm7,C#07|Bbmaj7|Bbmaj7,B07|Cm7|F7|Dm7|Dm7|Am7|D7#5|Gmaj7|Gmaj7|F#m7|B7|Emaj7|Eb7,D7"
      }
    },
    {
      "Label": "A",
      "MainSegment": {
        "Chords": "Gmaj7|Gmaj7|C7|C7|C7|C7|C7|C7|Eb7|D7|Bm7b5|E7b9|Am7|Abmaj7|Gmaj7|Gmaj7"
      }
    }
  ]
}