{
  "Title": "April Joy",
  "Composer": "Pat Metheny",
  "Key": "F",
  "Rhythm": "Even 8ths",
  "TimeSignature": "4/4",
  "Sections": [
    {
      "Label": "A",
      "MainSegment": {
        "Chords": "Bbmaj7|Bbmaj7|Am7/D|Am7/D|Bbmaj7|Bbmaj7|A/Bb|A/Bb|Bbmaj7,Am7|Bbmaj7,Am7|Dadd9|Dadd9"
      }
    },
    {
      "Label": "B",
      "MainSegment": {
        "Chords": "Dm|Bbmaj7#11|Am7|Am7|Bbmaj7|Bb/C|Fmaj7|Bbmaj7|Bbmaj7,Am7|Bbmaj7,Bb/C|Fmaj7|Bbmaj7|Em7b5|A7b9sus|D7sus|D7sus"
      }
    }
  ]
}