{
  "Title": "As Long As I Live",
  "Composer": "Harold Arlen",
  "Key": "F",
  "Rhythm": "Medium Swing",
  "TimeSignature": "4/4",
  "Sections": [
    {
      "Label": "A",
      "MainSegment": {
        "Chords": "Fmaj7|Em7b5,A7b9|D7|D7|G7|Gm7,C7"
      },
      "Endings": [
        {
          "Chords": "Fmaj7,Dm7|Gm7,C7"
        },
        {
          "Chords": "Fmaj7,Bb7|F6"
        }
      ]
    },
    {
      "Label": "B",
      "MainSegment": {
        "Chords": "Cm7,F7|Bbmaj7|Bbm7,Eb7|Fmaj7,A7|Dm7|G7|Gm7|C7"
      }
    },
    {
      "Label": "A",
      "MainSegment": {
        "Chords": "Fmaj7|Em7b5,A7b9|D7|D7|G7|Gm7,C7|Fmaj7,Bb7|F6,C7"
      }
    }
  ]
}