{
  "Title": "As Time Goes By",
  "Composer": "Herman Hupfeld",
  "Key": "Eb",
  "Rhythm": "Ballad",
  "TimeSignature": "4/4",
  "Sections": [
    {
      "Label": "A",
      "MainSegment": {
        "Chords": "Fm7,Bb7|Fm7(Bbm6),Bb7|Ebmaj7,Bb7#5(Fm7)|Ebmaj7(Gm7),(C7)|F7,F#07(F7)|Fm7,Bb7"
      },
      "Endings": [
        {
          "Chords": "Ebmaj7,Fm7(Ab7)|Gm7,C7b9"
        },
        {
          "Chords": "Ebmaj7|Bbm7,Eb7"
        }
      ]
    },
    {
      "Label": "B",
      "MainSegment": {
        "Chords": "Abmaj7|C7b9|Fm7|F#07|Cm7|F7|Fm7,C7b9|Fm7,,Bb7,C7"
      }
    },
    {
      "Label": "A",
      "MainSegment": {
        "Chords": "Fm7,Bb7|Fm7(Bbm6),Bb7|Ebmaj7,Bb7#5(Fm7)|Ebmaj7(Gm7),(C7)|F7,F#07|Gm7,C7b9|Fm7,Bb7|Eb6,C7b9"
      }
    }
  ]
}