{
  "Title": "Ask Me Now",
  "Composer": "Thelonious Monk",
  "Key": "Db",
  "Rhythm": "Ballad",
  "TimeSignature": "4/4",
  "Sections": [
    {
      "Label": "A",
      "MainSegment": {
        "Chords": "Gm7,C7,F#m7,B7|Fm7,Bb7,Em7,A7|Ebm7,Ab7#5|B7#11,Bb7|Eb7,D7|Dbmaj7,Eb7|Ebm7,Ab7"
      },
      "Endings": [
        {
          "Chords": "B7,Bb7,A7,Ab7"
        },
        {
          "Chords": "Dbmaj7"
        }
      ]
    },
    {
      "Label": "B",
      "MainSegment": {
        "Chords": "Ebm7,Ab7|Dbmaj7|Ebm7,D7#11|Dbmaj7|Eb7|Eb7|Ebm7,Ab7|Gb7#11"
      }
    },
    {
      "Label": "A",
      "MainSegment": {
        "Chords": "Gm7,C7,F#m7,B7|Fm7,Bb7,Em7,A7|Ebm7,Ab7#5|B7#11,Bb7|Eb7,D7|Dbmaj7,Eb7|Ebm7,Ab7#5|Dbmaj7"
      }
    }
  ]
}