{
  "Title": "At Last",
  "Composer": "Harry Warren",
  "Rhythm": "Medium Swing",
  "TimeSignature": "4/4",
  "Sections": [
    {
      "Label": "A",
      "MainSegment": {
        "Chords": "C6,Am7|Dm7,G7b13|Cmaj7,Am7|Dm7,G7|Em7,A7|Dm7,G7"
      },
      "Endings": [
        {
          "Chords": "C6,Am7|Ab7,G7"
        },
        {
          "Chords": "C6,Fm6|C6,Am7"
        }
      ]
    },
    {
      "Label": "B",
      "MainSegment": {
        "Chords": "Dm7,G7|Cmaj7,Am7|F#m7b5,B7b9|Em7|Am7,D7|Gmaj7,E7b9|Am7,D7b9|Dm7,G7"
      }
    },
    {
      "Label": "A",
      "MainSegment": {
        "Chords": "C6,Am7|Dm7,G7b13|Cmaj7,Am7|Dm7,G7#9|Em7,A7|Dm7,G7|C6,Am7|Dm7,G7"
      }
    }
  ]
}