{
  "Title": "At Long Last Love",
  "Composer": "Cole Porter",
  "Rhythm": "Medium Swing",
  "TimeSignature": "4/4",
  "Sections": [
    {
      "Label": "A",
      "MainSegment": {
        "Chords": "C6,Am7|Dm7(G6/B),G9|C6(Am7),Am7|Dm7(G6),G9|C6(F6),Dm7|Em7,A7b9|Dm7|Em7(G7),A7|Dm7|Em7(A7/C#),A9|Dm7(F6/C)|G7(Bm7b5)|Dm7(F6/A)|Dm7,G9|C6,(A7#9)|C6,(Dm7),C6,G13"
      }
    },
    {
      "Label": "B",
      "MainSegment": {
        "Chords": "C6,Am7|Dm7(G6/B),G9|C6(Am7)|Dm7(G6),G13|C13,(Bb6/D)|Gm7(Eb07),C9(C9/E)|F6,(Gm7)|F6(Ab07),(F6/A)|Fmaj7(F#m7b5)|Bb9(Fm6)|Em7|A7|Dm7|G7|C6|Dm7,G13"
      }
    }
  ]
}