{
  "Title": "Autumn Nocturne",
  "Composer": "Gannon-Myrow",
  "Rhythm": "Slow Swing",
  "TimeSignature": "4/4",
  "Sections": [
    {
      "Label": "A",
      "MainSegment": {
        "Chords": "C69,A7b9|Dm9,G7b9|Am,Am/G|D7/F#,Fm6|Cmaj7(Em7),D9"
      },
      "Endings": [
        {
          "Chords": "Dm7,G13(G7#5)|Bb9,A7|D9,G7#5"
        },
        {
          "Chords": "Bb9,A7#5|D9,G7#5|C6,F#m7b5,B7,"
        }
      ]
    },
    {
      "Label": "B",
      "MainSegment": {
        "Chords": "Emaj7,F9|Emaj7,F9|Emaj7,F9|Emaj7,Am7,D7,|Gmaj7,Ab9|Gmaj7,Ab9|Gmaj7,Eb7(Bbm7)|Dm9,G7#5"
      }
    },
    {
      "Label": "C",
      "MainSegment": {
        "Chords": "C69,A7b9|Dm9,G7b9|Am,Am/G|F#m7b5,Fm6|Em7,A7#5|D9,G7#5|C69,Db7|Dm7,Db7|Em7,Eb7|Abmaj7,Db9|C69|C69"
      }
    }
  ]
}