{
  "Title": "Autumn Leaves",
  "Composer": "Joseph Kosma",
  "Key": "Gmin",
  "Rhythm": "Medium Swing",
  "TimeSignature": "4/4",
  "Sections": [
    {
      "Label": "A",
      "Repeats": 1,
      "MainSegment": {
        "Chords": "Cm7|F7|Bbmaj7|Ebmaj7|Am7b5|D7b13|Gm6|Gm6"
      }
    },
    {
      "Label": "B",
      "MainSegment": {
        "Chords": "Am7b5|D7b13|Gm6|Gm6|Cm7|F7|Bbmaj7|Ebmaj7"
      }
    },
    {
      "Label": "C",
      "MainSegment": {
        "Chords": "Am7b5|D7b13|Gm7,Gb7|Fm7,E7|Am7b5|D7b13|Gm6|Gm6"
      }
    }
  ]
}