{
  "Title": "Autumn In New York",
  "Composer": "Vernon Duke",
  "Key": "F",
  "Rhythm": "Ballad",
  "TimeSignature": "4/4",
  "Sections": [
    {
      "Label": "A",
      "MainSegment": {
        "Chords": "Gm7,Am7|Bb6,C7|Fmaj7,Gm7|Am7,D7b9|Gm7,Am7|Bb6,C7|Am7b5|D7b9"
      }
    },
    {
      "Label": "B",
      "MainSegment": {
        "Chords": "Gm7|Bbm7,Eb7|Abmaj7,Eb7|Abmaj7,G7b9|Cm7,Am7b5|Dm7b5,G7b9|Cmaj7|Am7,D7"
      }
    },
    {
      "Label": "C",
      "MainSegment": {
        "Chords": "Gm7,Am7|Bb6,C7|Fmaj7,Gm7|Am7,,D7,Db7|Cm7,Dm7|Ebm6,F7b13|Bbm6,Abm7|Gm7b5,C7"
      }
    },
    {
      "Label": "D",
      "MainSegment": {
        "Chords": "Fm7,C7b9|Fm7,,Ebm7,Ab7|Dbmaj7,Ab7|Dbmaj7,Db7|Gm7,Am7|Bbm6,C7b9|Fm|Fm,D7b9"
      }
    }
  ]
}