{
  "Title": "Baltimore Oriole",
  "Composer": "Hoagy Carmichael",
  "Key": "Gmin",
  "Rhythm": "Ballad",
  "TimeSignature": "4/4",
  "Sections": [
    {
      "Label": "A",
      "MainSegment": {
        "Chords": "Gm7,Gm7/F|C9/E,Cm6/Eb|Gm7|Dm7,G7b9|Cm7|F7,Ab7|Gm7|C9|Cm7|Am7b5,D7#9|Gm7|Gm7,C9|Am7b5|Eb7|D7b9|Am7b5,D7b9"
      }
    },
    {
      "Label": "B",
      "MainSegment": {
        "Chords": "Gm7,Gm7/F|C9/E,Cm6/Eb|Gm7|Dm7,G7b9|Cm7|F7,Ab7|Gm7|C9|Cm7|Am7b5,D7#9|Gm7|Gm7,C9|Am7b5|Eb7,D7b9|Gm7,Gm7/F|Em7b5(Eb7),Eb7(D7b13)|Gm7,Gm7/F|Em7b5(Eb7),Eb7(D7b13)|Gm7|Am7b5,D7b9"
      }
    }
  ]
}