{
  "Title": "Basin Street Blues",
  "Composer": "Spencer Williams",
  "Key": "Bb",
  "Rhythm": "Slow Swing",
  "TimeSignature": "4/4",
  "Sections": [
    {
      "Label": "A",
      "Repeats": 1,
      "MainSegment": {
        "Chords": "Bb,Cm7,C#0,Bb/D|Bb,Cm7,C#0,Bb/D|Bb/D,Dbm7,Cm7,F7|Bb/D,Dbm7,Cm7,F7|Bb,Bb7/Ab|Eb6/G,Ebm6/Gb|Bb/F|F7"
      }
    },
    {
      "MainSegment": {
        "Chords": "Bbmaj7|D7|G7|G7|C7|F7|Bbmaj7/D,C#07|Cm7,F7|Bbmaj7|D7|G7|G7|C7|F7|Bbmaj7,Eb6|Bb/F,F7"
      }
    }
  ]
}