{
  "Title": "Bat, The",
  "Composer": "Pat Metheny",
  "Key": "G",
  "Rhythm": "Ballad",
  "TimeSignature": "4/4",
  "Sections": [
    {
      "MainSegment": {
        "Chords": "G,D/F#,Em,A7|D,D,Am7,D7|G,D/F#,Em,A7sus|D,D,Am,|Db/B,Db/B,Bb13b9,"
      }
    },
    {
      "Label": "B",
      "MainSegment": {
        "Chords": "Ebm7,Ebm7,C#m7,F#7|Cm7b5,Cm7b5,Bmaj7,Db/B|Gb/Bb,Ebm7,D13,Db13|C13b9,Fm7|Fm7b5,Bb7#5"
      }
    },
    {
      "Label": "C",
      "Repeats": 1,
      "MainSegment": {
        "Chords": "Ebmaj7,Ebmaj7,Bb/D,Bb/D|Ab/C,Ab/C,Abm/B,Abm/B|Eb/Bb,Eb/Bb,Eb/Bb,Eb/Bb|Ab/Bb,Ab/Bb,Am7b5,D7"
      }
    },
    {
      "MainSegment": {
        "Chords": "Ab/Bb|Eb/Bb|Ab/Bb|Eb/Bb|Ab/Bb|Eb"
      }
    }
  ]
}