{
  "Title": "Baubles, Bangles and Beads",
  "Composer": "Borodin-Wright-Forrest",
  "Key": "Ab",
  "Rhythm": "Waltz",
  "TimeSignature": "3/4",
  "Sections": [
    {
      "Label": "A",
      "MainSegment": {
        "Chords": "Bbm7|Eb7|Cm7|Fm7|Bbm7|Eb7|Abmaj7|Abmaj7"
      }
    },
    {
      "Label": "B",
      "MainSegment": {
        "Chords": "Dm7|G7|Em7|Am7|Dm7|G7|Cmaj7|Cmaj7"
      }
    },
    {
      "Label": "C",
      "MainSegment": {
        "Chords": "F#m7|B7|Emaj7|Emaj7|Bbm7|Eb7|Cm7|F7"
      }
    },
    {
      "Label": "A",
      "MainSegment": {
        "Chords": "Bbm7|Eb7|Cm7|F7|Bbm7|Eb7|Gb7|F7|Bbm7|Eb7|Abmaj7|Abmaj7"
      }
    }
  ]
}