{
  "Title": "Be My Love",
  "Composer": "Nikolaus Brodszky",
  "Key": "G",
  "Rhythm": "Medium Swing",
  "TimeSignature": "4/4",
  "Sections": [
    {
      "Label": "A",
      "MainSegment": {
        "Chords": "Gsus,G|Gmaj7|F#m7b5|B7b9|Em7|Em7|C#m7b5,C7b5|Bm7,E7b9"
      }
    },
    {
      "Label": "B",
      "MainSegment": {
        "Chords": "D07/A,Am7|Am7|Bb07,Bm7|Bm7|Em7|A7|Am7|D7"
      }
    },
    {
      "Label": "A",
      "MainSegment": {
        "Chords": "Gsus,G|Gmaj7|F#m7b5|B7b9|Em7|Em7|C#m7b5,C7b5|Bm7,E7b9"
      }
    },
    {
      "Label": "C",
      "MainSegment": {
        "Chords": "D07/A,Am7|Am7|Bb07,Bm7|Em7|Am7|D7|F7#11|E7b13|Am7|D7|G6|G6"
      }
    }
  ]
}