{
  "Title": "Be-Bop",
  "Composer": "Dizzy Gillespie",
  "Key": "Fmin",
  "Rhythm": "Up Tempo Swing",
  "TimeSignature": "4/4",
  "Sections": [
    {
      "Label": "A",
      "Repeats": 1,
      "MainSegment": {
        "Chords": "Fm,Gm7b5|Fm/Ab,Bbm6|Fm/C|Gm7b5,C7b9|Fm,Gm7b5|Fm/Ab,Bbm6|Fm/C|Gm7b5,C7,Fm,"
      }
    },
    {
      "Label": "B",
      "MainSegment": {
        "Chords": "Fm7|Bb7#9|Ebmaj7|Ebmaj7|Ebm7|Ab7#9|Dbmaj7|Gm7b5,C7b9"
      }
    },
    {
      "Label": "A",
      "MainSegment": {
        "Chords": "Fm,Gm7b5|Fm/Ab,Bbm6|Fm/C|Gm7b5,C7b9|Fm,Gm7b5|Fm/Ab,Bbm6|Fm/C|Gm7b5,C7,Fm,"
      }
    }
  ]
}