{
  "Title": "Beauty And The Beast",
  "Composer": "Wayne Shorter",
  "Key": "F",
  "Rhythm": "Funk",
  "TimeSignature": "4/4",
  "Sections": [
    {
      "Label": "i",
      "MainSegment": {
        "Chords": "F13|F13|F13|F13|F13|F13|F13|F13,E7#9"
      }
    },
    {
      "Label": "A",
      "MainSegment": {
        "Chords": "Am7|B7#5#9,E7#9|Am7|Gm7,C7#9|Fm7|Ebm7,Ab13|Dbmaj9|C7alt"
      },
      "Endings": [
        {
          "Chords": "F13|F13|F13|F13,E7#9"
        },
        {
          "Chords": "Bm11,E7|Am11,D7|Gm7b5/C|C7#9"
        }
      ]
    },
    {
      "Label": "A",
      "Repeats": 1,
      "MainSegment": {
        "Chords": "F13|F13|F13|F13"
      }
    }
  ]
}