{
  "Title": "Bein' Green",
  "Composer": "Joe Raposo",
  "Key": "Bb",
  "Rhythm": "Even 8ths",
  "TimeSignature": "4/4",
  "Sections": [
    {
      "Label": "A",
      "MainSegment": {
        "Chords": "Bbmaj7|A7#5|Dm7b5/Ab|G7sus,G7b9|Cm7|F7sus,F7|Bbmaj7"
      },
      "Endings": [
        {
          "Chords": "Bb,Ab/Eb,Gb/Db,F7/C"
        },
        {
          "Chords": "Bb6"
        }
      ]
    },
    {
      "Label": "B",
      "MainSegment": {
        "Chords": "Abmaj7|Dbmaj7|Bbmaj7|Bbmaj7|Gm,Gm/maj7|Gm7,C7|Cm7|F7"
      }
    },
    {
      "Label": "A",
      "MainSegment": {
        "Chords": "Bbmaj7|A7#5|Dm7b5/Ab|G7sus,G7b9|Cm7|F7sus,F7|Bb6|Cm7,F7"
      }
    }
  ]
}