{
  "Title": "Benny's Tune",
  "Composer": "Lionel Loueke",
  "Key": "Db",
  "Rhythm": "Afro",
  "TimeSignature": "6/4",
  "Sections": [
    {
      "Label": "A",
      "Repeats": 1,
      "MainSegment": {
        "Chords": "Gbm6|Db/F|Gbm6|Db/F"
      }
    },
    {
      "Label": "B",
      "MainSegment": {
        "Chords": "Bmaj7#11|Bbm7|F/A|Ab7sus|Eb/G|Gb13|Db/F|B7#11|Gm7b5|Gbm6|Db/F|Bmaj7#11|Amaj7#5|D/Ab"
      }
    },
    {
      "Repeats": 1,
      "MainSegment": {
        "Chords": "Gbm6|Db/F|Gbm6|Db/F"
      }
    },
    {
      "MainSegment": {
        "Chords": "Gbm6|Db/F|E6|Eb7#9|Dmaj7#11"
      }
    }
  ]
}