{
  "Title": "Bernie's Tune",
  "Composer": "Bernie Miller",
  "Key": "Dmin",
  "Rhythm": "Medium Up Swing",
  "TimeSignature": "4/4",
  "Sections": [
    {
      "Label": "A",
      "MainSegment": {
        "Chords": "Dm7|Dm7|Bb7#11|Bb7#11|Em7b5|A7b9"
      },
      "Endings": [
        {
          "Chords": "Dm7|Em7b5,A7b9"
        },
        {
          "Chords": "Dm7|Cm7,F7"
        }
      ]
    },
    {
      "Label": "B",
      "MainSegment": {
        "Chords": "Bb6,Gm7|Cm7,F7|Bb6,Gm7|Cm7,F7|Bb6,Gm7|Cm7,F7|Bb6|Em7b5,A7b9"
      }
    },
    {
      "Label": "A",
      "MainSegment": {
        "Chords": "Dm7|Dm7|Bb7#11|Bb7#11|Em7b5|A7b9|Dm7|Dm7(Em7b5),(A7b9)"
      }
    }
  ]
}