{
  "Title": "Besame Mucho",
  "Composer": "Consuelo Velazques",
  "Key": "Dmin",
  "Rhythm": "Bossa Nova",
  "TimeSignature": "4/4",
  "Sections": [
    {
      "Label": "A",
      "MainSegment": {
        "Chords": "Dm6|Dm6|Gm6|Gm6|Gm6,D7b9|Em7b5,A7b9|Dm6|Dm6|Am7b5|D7b9|Gm6|Gm6|Dm6,Bm7b5|E7b9,A7b9|Dm6|Dm6"
      }
    },
    {
      "Label": "B",
      "MainSegment": {
        "Chords": "Gm6|Dm6|Em7b5,A7b9|Dm6,D7b9|Gm6|Dm6|E7,Bb7b9|A7b9"
      }
    },
    {
      "Label": "A",
      "MainSegment": {
        "Chords": "Dm6|Dm6|Gm6|Gm6|Gm6,D7b9|Em7b5,A7b9|Dm6|Dm6|Am7b5|D7b9|Gm6|Gm6|Dm6,Bm7b5|E7b9,A7b9|Dm6|Dm6"
      }
    }
  ]
}