{
  "Title": "Best Thing For You Is Me, The",
  "Composer": "Irving Berlin",
  "Rhythm": "Medium Swing",
  "TimeSignature": "4/4",
  "Sections": [
    {
      "Label": "A",
      "MainSegment": {
        "Chords": "F#m7|B7b13|Em7,A7|Dm7,G7|Cmaj7,Am7|Dm7,G7"
      },
      "Endings": [
        {
          "Chords": "Em7,A7|Dm7,G7"
        },
        {
          "Chords": "C6|Bbm7,Eb7"
        }
      ]
    },
    {
      "Label": "B",
      "MainSegment": {
        "Chords": "Abmaj7|Abmaj7|Bbm7|Eb7,E07|Fm7|Fm7/Eb|Dm7|G7"
      }
    },
    {
      "Label": "C",
      "MainSegment": {
        "Chords": "F#m7|B7b13|Em7,A7|Dm7,G7|Cmaj7,C/B|Am7,Am7/G|F#m7b5|Fm6|C/E,A7|Dm7,G7|C6|C6"
      }
    }
  ]
}