{
  "Title": "Better Git It In Your Soul",
  "Composer": "Charles Mingus",
  "Key": "F",
  "Rhythm": "Up Tempo Swing",
  "TimeSignature": "6/4",
  "Sections": [
    {
      "Label": "A",
      "MainSegment": {
        "Chords": "F7|Bb7|F7|Bb7|F7|Bb7|Gm7|C7"
      },
      "Endings": [
        {
          "Chords": "F7,C7|Gm7,C7"
        },
        {
          "Chords": "F7,C7|F7"
        }
      ]
    },
    {
      "Label": "B",
      "MainSegment": {
        "Chords": "Bb7|F7|Bb7|F7|Bb7|Am7,D7|Gm7|C7"
      }
    },
    {
      "Label": "A",
      "MainSegment": {
        "Chords": "F7|Bb7|F7|Bb7|F7|Bb7|Gm7|C7|F7,C7|F7"
      }
    }
  ]
}