{
  "Title": "Between The Devil And The Deep Blue Sea",
  "Composer": "Harold Arlen",
  "Key": "F",
  "Rhythm": "Medium Up Swing",
  "TimeSignature": "4/4",
  "Sections": [
    {
      "Label": "A",
      "MainSegment": {
        "Chords": "Fmaj7|Gm7,C7|Fmaj7|Gm7,C7|Cm7,F7|Bbmaj7,Eb7|Gm7,C7"
      },
      "Endings": [
        {
          "Chords": "F6,C7"
        },
        {
          "Chords": "F6,E7"
        }
      ]
    },
    {
      "Label": "B",
      "MainSegment": {
        "Chords": "Amaj7,F#m7|Bm7,E7|Amaj7,F#m7|Bm7,E7|Cmaj7,Am7|Fm6|Ab7|G7,C7"
      }
    },
    {
      "Label": "A",
      "MainSegment": {
        "Chords": "Fmaj7|Gm7,C7|Fmaj7|Gm7,C7|Cm7,F7|Bbmaj7,Eb7|Gm7,C7|F6,C7"
      }
    }
  ]
}