{
  "Title": "Bewitched",
  "Composer": "Richard Rodgers",
  "Rhythm": "Ballad",
  "TimeSignature": "4/4",
  "Sections": [
    {
      "Label": "A",
      "MainSegment": {
        "Chords": "Cmaj7,Am7(C#07)|Dm7,G7|Cmaj7(Cmaj7/E),C7#5(E7#5)|Fmaj7,F#07(Bb7#11)|C6/G(C6),Am7(Eb07)"
      },
      "Endings": [
        {
          "Chords": "Dm7,,G7,A7|Dm7|G7"
        },
        {
          "Chords": "Dm7,,Gm7,C7|Fmaj7|Em7b5,A7b9"
        }
      ]
    },
    {
      "Label": "B",
      "MainSegment": {
        "Chords": "Dm6|Dm6|Am7|Am7|Dm7(Fmaj7),G7(Em7)|Dm7,G7|Em7,Eb07|Dm7,G7"
      }
    },
    {
      "Label": "A",
      "MainSegment": {
        "Chords": "Cmaj7,Am7(C#07)|Dm7,G7|Cmaj7(Cmaj7/E),C7#5(E7#5)|Fmaj7,F#07(Bb7#11)|C6/G(C6),Am7(Eb07)|Dm7,G7|C6,Am7|Dm7,G7"
      }
    }
  ]
}