{
  "Title": "Beyond The Sea",
  "Composer": "Charles Trenet",
  "Key": "F",
  "Rhythm": "Medium Swing",
  "TimeSignature": "4/4",
  "Sections": [
    {
      "Label": "A",
      "MainSegment": {
        "Chords": "F6,Dm7|Gm7,C7|F6,Dm7|Gm7,C7|F6,A7|Dm7,C7|F6,Dm7|Bb6,D7/A|Gm7,C7|Dm7,Bbmaj7"
      },
      "Endings": [
        {
          "Chords": "G7|C7"
        },
        {
          "Chords": "Gm7,C7|F6,E7"
        }
      ]
    },
    {
      "Label": "B",
      "MainSegment": {
        "Chords": "A6,F#m7|Bm7,E7|A6,F#m7|Bm7,E7|A6|Dm7,G7|C6,Am7|Dm7,G7|C6,Am7|Dm7,G7|C6|Gm7,C7"
      }
    },
    {
      "Label": "A",
      "MainSegment": {
        "Chords": "F6,Dm7|Gm7,C7|F6,Dm7|Gm7,C7|F6,A7|Dm7,C7|F6,Dm7|Bb6,D7/A|Gm7,C7|Dm7,Bb7|Gm7,C7|F6"
      }
    }
  ]
}