{
  "Title": "Bidin' My Time",
  "Composer": "George Gershwin",
  "Key": "Eb",
  "Rhythm": "Medium Swing",
  "TimeSignature": "4/4",
  "Sections": [
    {
      "Label": "A",
      "MainSegment": {
        "Chords": "Ebmaj7,C7b13|Fm7,Bb7|Ebmaj7,C7b13|Fm7,Bb7|Eb6,C7|Fm7,Abm7|Ebmaj7/Bb,Fm7,Bb7,|Eb6"
      }
    },
    {
      "Label": "B",
      "MainSegment": {
        "Chords": "G7,Cmaj7|G7,Cmaj7|Dm7,G7|Cmaj7|Bb7,Ebmaj7|Bb7,Ebmaj7|Cm7,F7|Fm7,Bb7"
      }
    },
    {
      "Label": "A",
      "MainSegment": {
        "Chords": "Ebmaj7,C7b13|Fm7,Bb7|Ebmaj7,C7b13|Fm7,Bb7|Eb6,C7|Fm7,Abm7|Ebmaj7/Bb,Bb7|Ebmaj7"
      }
    }
  ]
}