{
  "Title": "Billy Boy",
  "Composer": "Traditional",
  "Rhythm": "Medium Up Swing",
  "TimeSignature": "4/4",
  "Sections": [
    {
      "Label": "B",
      "MainSegment": {
        "Chords": "Cmaj7,A7|Dm7,G7|Em7,A7|Dm7,G7|Cmaj7,F7|Em7,A7|Dm7|G7|Dm7|G7|Em7b5|A7b9|Dm7|G7"
      },
      "Endings": [
        {
          "Chords": "Em7,A7|Dm7,G7"
        },
        {
          "Chords": "Cmaj7|Gm7,C7"
        }
      ]
    },
    {
      "Label": "A",
      "MainSegment": {
        "Chords": "Fmaj7|Fm6|Cmaj7|Bm7b5,E7b9|Am7|D7|Dm7|G7"
      }
    },
    {
      "MainSegment": {
        "Chords": "Cmaj7,A7|Dm7,G7|Em7,A7|Dm7,G7|Cmaj7,F7|Em7,A7|Dm7|G7|Dm7|G7|Em7b5|A7b9|Dm7|G7|Cmaj7|Dm7,G7"
      }
    }
  ]
}