{
  "Title": "Black Coffee",
  "Composer": "Burke-Webster",
  "Rhythm": "Slow Swing",
  "TimeSignature": "4/4",
  "Sections": [
    {
      "Label": "A",
      "MainSegment": {
        "Chords": "C7#9,Db7#9|C7#9,Db7#9|C7#9,Db7#9|C7#9,Db7#9|F7|F7|C7#9,Db7#9|C7#9,A7b5b9|Dm7|G7sus"
      },
      "Endings": [
        {
          "Chords": "C7#9,Db7#9|C7#9,Db7#9"
        },
        {
          "Chords": "C7#9,Db7#9|C7#9,Gb7"
        }
      ]
    },
    {
      "Label": "B",
      "MainSegment": {
        "Chords": "Fm7,Bb7|Cm6|Dm7b5,G7alt|Cmaj7|Ebm7,Ab7|Dbmaj7,Bbm7|Ebm7,Ab7|Dm7,G7b9"
      }
    },
    {
      "Label": "A",
      "MainSegment": {
        "Chords": "C7#9,Db7#9|C7#9,Db7#9|C7#9,Db7#9|C7#9,Db7#9|F7|F7|C7#9,Db7#9|C7#9,A7b5b9|Dm7|G7sus|C7#9,Db7#9|C7#9,Db7#9"
      }
    }
  ]
}