{
  "Title": "Blackberry Winter",
  "Composer": "Alec Wilder",
  "Key": "F",
  "Rhythm": "Ballad",
  "TimeSignature": "4/4",
  "Sections": [
    {
      "Label": "A",
      "MainSegment": {
        "Chords": "Fmaj7,Am7|Dm7,,Gm7,C7|Fmaj7,Gm7|Am7,Bbmaj7|Am7,Dm7|Gm7,C7sus"
      },
      "Endings": [
        {
          "Chords": "F6,Dm7|Gm7,C7"
        },
        {
          "Chords": "F6,Bbmaj7|F6"
        }
      ]
    },
    {
      "Label": "B",
      "MainSegment": {
        "Chords": "Cm7,F7|Dm7,Gm7|Cm7,F7|Bbmaj7|Am,Am/maj7|Am7,Am6|Bm7b5,E7b9|Am7,D7,Gm7,C7"
      }
    },
    {
      "Label": "A",
      "MainSegment": {
        "Chords": "Fmaj7,Am7|Dm7,,Gm7,C7|Fmaj7,Gm7|Am7,Bbmaj7|Am7,Dm7|Gm7,C7|F6|Gm7,C7"
      }
    }
  ]
}