{
  "Title": "Black And Tan Fantasy",
  "Composer": "Ellington-Miley",
  "Key": "Bbmin",
  "Rhythm": "Medium Swing",
  "TimeSignature": "4/4",
  "Sections": [
    {
      "Label": "A",
      "MainSegment": {
        "Chords": "Bbm|Bbm|Bbm|Bbm|Ebm6|Ebm6|Bbm|Bbm|F7b9|F7b9|Bbm,Ebm6|Bbm"
      }
    },
    {
      "Label": "B",
      "MainSegment": {
        "Chords": "Gb7|Gb7|Bb6|Dm7,Db07|Eb,Ebm/F|Dm7,G7,Cm7,F7"
      },
      "Endings": [
        {
          "Chords": "Bb,Gaug,C7,F7|Bb7,Eb7,Ab7,Db7"
        },
        {
          "Chords": "Bb6|Bb6"
        }
      ]
    }
  ]
}