{
  "Title": "Black Butterfly",
  "Composer": "Ellington-Carruthers-Mills",
  "Key": "F",
  "Rhythm": "Slow Swing",
  "TimeSignature": "4/4",
  "Sections": [
    {
      "Label": "A",
      "Repeats": 1,
      "MainSegment": {
        "Chords": "Gm7,C7|F6|Fmaj7,,Em7b5,Eb7|D7,,Eb7,D7|G7,Gb7|F7,Bb7|Eb7,D7,Db7,C7|F6,F#07"
      }
    },
    {
      "Label": "B",
      "MainSegment": {
        "Chords": "Am7b5,D7|G7,C7|F7,Bb7,Db/B,|F6/C,Bbm/C,F,|A7,,Em7b5,A7|Dm7,Dm6|Bbmaj7/C|Bbmaj7/C"
      }
    },
    {
      "Label": "A",
      "MainSegment": {
        "Chords": "Gm7,C7|Fmaj7|F7,Eb7|D7b9|G7,C7|F7,B07|Am7,D7,Gm7,C7|Fmaj7"
      }
    }
  ]
}