{
  "Title": "Black And Blue",
  "Composer": "Fats Waller",
  "Rhythm": "Slow Swing",
  "TimeSignature": "4/4",
  "Sections": [
    {
      "Label": "A",
      "MainSegment": {
        "Chords": "Am7|Dm7|Am7|D7,Db7|C6,A7|Dm7,G7"
      },
      "Endings": [
        {
          "Chords": "Cmaj7|Bm7b5,E7b9"
        },
        {
          "Chords": "C6,F7|C6"
        }
      ]
    },
    {
      "Label": "B",
      "MainSegment": {
        "Chords": "Ab7|Ab7|C6,Dm7|Em7,C6|Ab7|Ab7|C6,F7|Bm7b5,E7b9"
      }
    },
    {
      "Label": "A",
      "MainSegment": {
        "Chords": "Am7|Dm7|Am7|D7,Db7|C6,A7|Dm7,G7|C6,F7|C6,,(Bm7b5),(E7)"
      }
    }
  ]
}