{
  "Title": "Blood Count",
  "Composer": "Billy Strayhorn",
  "Key": "D",
  "Rhythm": "Ballad",
  "TimeSignature": "4/4",
  "Sections": [
    {
      "Label": "A",
      "MainSegment": {
        "Chords": "F7#11|Bb7#9|Eb7#9#11|Bbm7,Eb7|Dm|Dmaug|Dm6|Am7,D7"
      }
    },
    {
      "Label": "A",
      "MainSegment": {
        "Chords": "F7#11|Bb7#9|Eb7#9#11|Bbm7,A7|Dmaj7|Dmaj7#5|D6|Am7,D7"
      }
    },
    {
      "Label": "B",
      "MainSegment": {
        "Chords": "Gmaj7|Gmaj7|Gm6|Gm7,C7|Fmaj7|E7|A7#11,Bb7#11|B7#11,C7#11"
      }
    },
    {
      "Label": "A",
      "MainSegment": {
        "Chords": "F7#11|Bb7#9|Eb7#9#11|Bbm7,Eb7|Dmaj7|Dmaj7#5|D6|Am7,D7"
      }
    },
    {
      "Label": "C",
      "MainSegment": {
        "Chords": "Gmaj7|C7|F#m7|Bm7,E7|A7sus,F/A|E/A,Eb/A"
      }
    },
    {
      "Repeats": 1,
      "MainSegment": {
        "Chords": "Dmaj7,F/D|E/D,Eb/D"
      }
    }
  ]
}