{
  "Title": "Blueberry Hill",
  "Composer": "Lewis-Stock-Rose",
  "Key": "Eb",
  "Rhythm": "Medium Swing",
  "TimeSignature": "4/4",
  "Sections": [
    {
      "Label": "A",
      "MainSegment": {
        "Chords": "Ab|Ab|Eb|Eb|Bb7|Bb7"
      },
      "Endings": [
        {
          "Chords": "Eb|Eb7"
        },
        {
          "Chords": "Eb,Abm6|Eb,Bb7"
        }
      ]
    },
    {
      "Label": "B",
      "MainSegment": {
        "Chords": "Eb,Cm|Fm7,Bb7|Eb,Bb7|Eb,D7b9|Gm|Am7b5,D7|G|Bb7,Eb7"
      }
    },
    {
      "Label": "A",
      "MainSegment": {
        "Chords": "Ab|Ab|Eb|Eb|Bb7|Bb7|Eb,Db7|Eb,(Eb7)"
      }
    }
  ]
}