{
  "Title": "Blue Champagne",
  "Composer": "Watts-Ryerson-Eaton",
  "Key": "F",
  "Rhythm": "Medium Swing",
  "TimeSignature": "4/4",
  "Sections": [
    {
      "Label": "A",
      "MainSegment": {
        "Chords": "F6,Ab07|Gm7,C7|F6,Dm7|Db7,C7|Fmaj7,Ab07|Gm7,C7"
      },
      "Endings": [
        {
          "Chords": "F6|Gm7,C7"
        },
        {
          "Chords": "F6|Em7b5,A7b9"
        }
      ]
    },
    {
      "Label": "B",
      "MainSegment": {
        "Chords": "Dm,Dm/maj7|Dm7,G7|Fmaj7,,Gm7,C7|Fmaj7,,Em7b5,A7|Dm7,Dm/maj7|Dm7,G7|Fmaj7,G9|Db7,C7"
      }
    },
    {
      "Label": "A",
      "MainSegment": {
        "Chords": "F6,Ab07|Gm7,C7|F6,Dm7|Db7,C7|Fmaj7,Ab07|Gm7,C7|F6|Gm7,C7"
      }
    }
  ]
}