{
  "Title": "Blue Turning Grey Over You",
  "Composer": "Fats Waller",
  "Key": "Bb",
  "Rhythm": "Slow Swing",
  "TimeSignature": "4/4",
  "Sections": [
    {
      "Label": "A",
      "MainSegment": {
        "Chords": "Bb6|Em7b5,A7|Dm7b5|G7|C7|F7"
      },
      "Endings": [
        {
          "Chords": "Bb6,B07|Cm7,F7"
        },
        {
          "Chords": "Bb6,Ebm7|Bb6"
        }
      ]
    },
    {
      "Label": "B",
      "MainSegment": {
        "Chords": "Fm7,Bb7|Ebmaj7|Cm7b5,F7|Bb6,Bb7|Eb6,G7/D|Cm7,C7|F6,F07|Cm7,F7"
      }
    },
    {
      "Label": "A",
      "MainSegment": {
        "Chords": "Bb6|Em7b5,A7|Dm7b5|G7|C7|F7|Bb6,Ebm7|Bb6,F7"
      }
    }
  ]
}