{
  "Title": "Blue Lou",
  "Composer": "Irving Mills",
  "Key": "Bb",
  "Rhythm": "Medium Swing",
  "TimeSignature": "4/4",
  "Sections": [
    {
      "Label": "A",
      "MainSegment": {
        "Chords": "Cm7b5|F7|Cm7b5|F7|Bbmaj7|Ebmaj7"
      },
      "Endings": [
        {
          "Chords": "Cm7|F7"
        },
        {
          "Chords": "C7,F7|Bbmaj7"
        }
      ]
    },
    {
      "Label": "B",
      "MainSegment": {
        "Chords": "Fmaj7|F#07|Gm7|C7|Fmaj7|F#07|Gm7,C7|Cm7,F7"
      }
    },
    {
      "Label": "A",
      "MainSegment": {
        "Chords": "Cm7b5|F7|Cm7b5|F7|Bbmaj7|Ebmaj7|C7,F7|Bbmaj7"
      }
    }
  ]
}