{
  "Title": "Blue Room, The",
  "Composer": "Richard Rodgers",
  "Key": "F",
  "Rhythm": "Medium Swing",
  "TimeSignature": "4/4",
  "Sections": [
    {
      "Label": "A",
      "MainSegment": {
        "Chords": "F6,Dm7|Gm7,C7|Am7,Dm7|Gm7,C7|Cm7,F7|Bbmaj7,Eb7"
      },
      "Endings": [
        {
          "Chords": "Dm7,G7|Gm7,C7"
        },
        {
          "Chords": "F6/A,Ab0,Gm7,C7|F6"
        }
      ]
    },
    {
      "Label": "B",
      "MainSegment": {
        "Chords": "Gm7|C7|F6,Bb7#11|Am7,Ab07|Gm7,Gm7/F|Em7b5,A7#9|Dm7,G7|Gm7,C7"
      }
    },
    {
      "Label": "C",
      "MainSegment": {
        "Chords": "F6,Dm7|Gm7,C7|Am7,Dm7|Gm7,C7|Cm7,F7|Bbmaj7,Eb7|F6/A,Ab0,Gm7,C7|F6,C7"
      }
    }
  ]
}