{
  "Title": "Blue Moon",
  "Composer": "Richard Rodgers",
  "Key": "Eb",
  "Rhythm": "Medium Swing",
  "TimeSignature": "4/4",
  "Sections": [
    {
      "Label": "B",
      "MainSegment": {
        "Chords": "Ebmaj7,Cm7|Fm7,Bb7|Ebmaj7,Cm7|Fm7,Bb7|Db7,C7|B7,Bb7"
      },
      "Endings": [
        {
          "Chords": "Ebmaj7,Cm7|Fm7,Bb7"
        },
        {
          "Chords": "Ebmaj7,Ab7|Gm7b5,C7b9"
        }
      ]
    },
    {
      "Label": "A",
      "MainSegment": {
        "Chords": "Fm7,Bb7|Eb6,Cm7|Fm7,Bb7|Eb6,A7#11|Abm7,Db7|Gbmaj7|Bb/F,F7|Fm7,Bb7"
      }
    },
    {
      "MainSegment": {
        "Chords": "Ebmaj7,Cm7|Fm7,Bb7|Ebmaj7,Cm7|Fm7,Bb7|Db7,C7|B7,Bb7|Ebmaj7,Cm7|Fm7,Bb7"
      }
    }
  ]
}