{
  "Title": "Body And Soul",
  "Composer": "Johnny Green",
  "Key": "Db",
  "Rhythm": "Ballad",
  "TimeSignature": "4/4",
  "Sections": [
    {
      "Label": "B",
      "MainSegment": {
        "Chords": "Ebm7,Bb7b13|Ebm7,Ab7|Dbmaj7,Gb7|Fm7,E07|Ebm7,Ebm7/Db|Cm7b5,F7b9|Bbm7,,Ebm7,Ab7"
      },
      "Endings": [
        {
          "Chords": "Db6,Gb7,Fm7b5,Bb7"
        },
        {
          "Chords": "Db6,,Em7,A7"
        }
      ]
    },
    {
      "Label": "A",
      "MainSegment": {
        "Chords": "Dmaj7,Em7|Dmaj7/F#,,Gm7,C7|F#m7,Bm7,Em7,A7|Dmaj7|Dm7,G7|Em7,Eb07|Dm7,G7|C7,B7,Bb7,"
      }
    },
    {
      "MainSegment": {
        "Chords": "Ebm7,Bb7b13|Ebm7,Ab7|Dbmaj7,Gb7|Fm7,E07|Ebm7,Ebm7/Db|Cm7b5,F7b9|Bbm7,,Ebm7,Ab7|Db6,Gb7,Fm7b5,Bb7"
      }
    }
  ]
}