{
  "Title": "Bohemia After Dark",
  "Composer": "Oscar Pettiford",
  "Key": "Gmin",
  "Rhythm": "Up Tempo Swing",
  "TimeSignature": "4/4",
  "Sections": [
    {
      "Label": "A",
      "MainSegment": {
        "Chords": "Gm7|Am7b5,D7b9|Gm7|Am7b5,D7b9|Gm7|Am7b5,D7b9"
      },
      "Endings": [
        {
          "Chords": "Gm7|D7b9,Gm7"
        },
        {
          "Chords": "Gm7|Gm7"
        }
      ]
    },
    {
      "Label": "B",
      "MainSegment": {
        "Chords": "C7sus|C7sus|C7sus|C7sus|C7sus|C7sus|C7sus|Am7b5,D7b9"
      }
    },
    {
      "Label": "A",
      "MainSegment": {
        "Chords": "Gm7|Am7b5,D7b9|Gm7|Am7b5,D7b9|Gm7|Am7b5,D7b9|Gm7|Gm7"
      }
    }
  ]
}