{
  "Title": "Bolivia",
  "Composer": "Cedar Walton",
  "Key": "D",
  "Rhythm": "Up Tempo Swing",
  "TimeSignature": "4/4",
  "Sections": [
    {
      "Label": "i",
      "Repeats": 1,
      "MainSegment": {
        "Chords": "G7|G7|G7|G7|G7|G7|G7|G7,(E)"
      }
    },
    {
      "Label": "A",
      "MainSegment": {
        "Chords": "Ebmaj7,(Bb7sus)|A13|Dmaj7|Ab13b9|Gmaj7|F#7b13|Bm7|Cmaj7#11|Bm7|Bm7/A|G#m7b5|Gm7,C7|Fmaj7|B7b9|Bbmaj7|A7#9"
      }
    },
    {
      "Label": "B",
      "Repeats": 1,
      "MainSegment": {
        "Chords": "G7|G7|G7|G7|G7|G7|G7|G7,(E)"
      }
    }
  ]
}