{
  "Title": "Bossa Antigua",
  "Composer": "Paul Desmond",
  "Key": "Ab",
  "Rhythm": "Bossa Nova",
  "TimeSignature": "4/4",
  "Sections": [
    {
      "Label": "A",
      "MainSegment": {
        "Chords": "Bbm7|Eb7|Cm7|Fm7|Bbm7|Eb7|Cm7|F7"
      }
    },
    {
      "Label": "B",
      "MainSegment": {
        "Chords": "Bbm7|Eb7|Cm7|Fm7|Bbm7|Dm7,G7|Cmaj7|Am7"
      }
    },
    {
      "Label": "C",
      "MainSegment": {
        "Chords": "Dm7|G7|Em7|Am7|Dm7|G7|Cm7|F7"
      }
    },
    {
      "Label": "A",
      "MainSegment": {
        "Chords": "Bbm7|Eb7|Cm7|Fm7|Bbm7|Eb7|Abmaj7|Abmaj7"
      }
    }
  ]
}