{
  "Title": "Bouncin' With Bud",
  "Composer": "Bud Powell",
  "Key": "Bb",
  "Rhythm": "Up Tempo Swing",
  "TimeSignature": "4/4",
  "Sections": [
    {
      "Label": "i",
      "Repeats": 1,
      "MainSegment": {
        "Chords": "Bbmaj7|Bbmaj7|B7#11|B7#11"
      }
    },
    {
      "Label": "A",
      "MainSegment": {
        "Chords": "Bb6,Cm7|Dm7,Ebm7|Dm7,G7|Cm7,D7|Gm7|C#07|Cm7,F7"
      },
      "Endings": [
        {
          "Chords": "Bb6,F7"
        },
        {
          "Chords": "Bb6,D7"
        }
      ]
    },
    {
      "Label": "B",
      "MainSegment": {
        "Chords": "Gm|Gm|Am7b5|D7#9|G7#11|F#7|Cm7|F7alt"
      }
    },
    {
      "Label": "A",
      "MainSegment": {
        "Chords": "Bb6,Cm7|Dm7,Ebm7|Dm7,G7|Cm7,D7|Gm7|C#07|Cm7,F7|Bb6"
      }
    },
    {
      "Label": "C",
      "MainSegment": {
        "Chords": "D7/F#,Gm|D7,Gm|B07,Cm7|G7b9,Cm7|F7|F7|Bb6|Bb6"
      }
    }
  ]
}