{
  "Title": "Bourbon Street Parade",
  "Composer": "Paul Barbarin",
  "Key": "Ab",
  "Rhythm": "Medium Up Swing",
  "TimeSignature": "4/4",
  "Sections": [
    {
      "Label": "A",
      "MainSegment": {
        "Chords": "Ab|Ab|Ab|Ab|Ab|Ab|Eb7|Eb7"
      }
    },
    {
      "Label": "B",
      "MainSegment": {
        "Chords": "Eb7|Eb7|Eb7|Eb7|Eb7|Eb7|Ab|Ab"
      }
    },
    {
      "Label": "A",
      "MainSegment": {
        "Chords": "Ab|Ab|Ab|Ab|Ab|Ab|Db|Db"
      }
    },
    {
      "Label": "C",
      "MainSegment": {
        "Chords": "Db|D07|Ab/Eb|F7|Bb7|Eb7|Ab|Ab"
      }
    }
  ]
}