{
  "Title": "Brazilian Suite",
  "Composer": "Michel Petrucciani",
  "Key": "Bbmin",
  "Rhythm": "Bossa Nova",
  "TimeSignature": "4/4",
  "Sections": [
    {
      "Label": "i",
      "Repeats": 1,
      "MainSegment": {
        "Chords": "Abm7|Ebm7|Abm7|Ebm7"
      }
    },
    {
      "Label": "A",
      "MainSegment": {
        "Chords": "Abm7|Abm7/Gb|Emaj7#11|Ebm7|Dbm7|Eb7b9|D7b5|Db7|Cmaj7#5|B7|Bb7b9|Eb7#9|Abm7|Eb7b9"
      }
    },
    {
      "MainSegment": {
        "Chords": "Abm7|B7/F#|Fm7b5|Bb7|Em7|A7|Dmaj7|Ebm7,Ab7|Dbmaj7|Bbm7|Ebm7|Ab7|Dbmaj7|Bbm7|Ebmaj7#11|Eb7|Abm7|Abm7/Gb|Ebmaj7#11|Ebm7|Dbm7|Eb7b9"
      }
    },
    {
      "Repeats": 1,
      "MainSegment": {
        "Chords": "Abm7|Ebm7|Abm7|Ebm7"
      }
    },
    {
      "MainSegment": {
        "Chords": "Dbmaj7|Dbmaj7"
      }
    }
  ]
}