{
  "Title": "Breeze And I, The",
  "Composer": "Ernesto Lecuona",
  "Key": "Eb",
  "Rhythm": "Latin",
  "TimeSignature": "4/4",
  "Sections": [
    {
      "Label": "A",
      "MainSegment": {
        "Chords": "Eb6|Eb6|Eb6|Eb6|Dbm7|Dbm7|Eb6"
      },
      "Endings": [
        {
          "Chords": "Eb6,Bb7"
        },
        {
          "Chords": "Eb6"
        }
      ]
    },
    {
      "Label": "B",
      "MainSegment": {
        "Chords": "Fm7|Fm7/Bb|Ebmaj7|Cm7|Fm7|Bb7|Ebmaj7|C7b9"
      }
    },
    {
      "Label": "C",
      "MainSegment": {
        "Chords": "Fm7|Fm7/Bb|Ebmaj7|Cm7|Fm7|Bb7|Eb6|Eb6,Bb7|Eb6|Eb6,Bb7"
      }
    }
  ]
}