{
  "Title": "Bright Size Life",
  "Composer": "Pat Metheny",
  "Key": "D",
  "Rhythm": "Even 8ths",
  "TimeSignature": "4/4",
  "Sections": [
    {
      "Label": "A",
      "MainSegment": {
        "Chords": "Gmaj7|Gmaj7|Bbmaj7#11/A|Bbmaj7#11/A|D|D/C|Bbmaj7|Bbmaj7"
      }
    },
    {
      "Label": "B",
      "MainSegment": {
        "Chords": "Gmaj7|Gmaj7|Bbmaj7#11/A|Bbmaj7#11/A|D|D/C|G/B|D"
      }
    },
    {
      "Label": "A",
      "MainSegment": {
        "Chords": "G/A|G/A|F/G|F/G|A7/E|A7/E|D|D"
      }
    },
    {
      "MainSegment": {
        "Chords": "Gmaj7|Gmaj7|Bbmaj7#11/A|Bbmaj7#11/A|D|D/C|A7|Dmaj7"
      }
    }
  ]
}