{
  "Title": "Bright Boy",
  "Composer": "John Bright",
  "Key": "Eb",
  "Rhythm": "Medium Up Swing",
  "TimeSignature": "4/4",
  "Sections": [
    {
      "Label": "A",
      "MainSegment": {
        "Chords": "Ebmaj7|Em7,A7b5|Abmaj7|Abm7,Db7|Gm7,C7|Fm7,Bb7"
      },
      "Endings": [
        {
          "Chords": "Ebmaj7|E7b5"
        },
        {
          "Chords": "Ebmaj7|Ebmaj7"
        }
      ]
    },
    {
      "Label": "B",
      "MainSegment": {
        "Chords": "Am7|D7|Gmaj7|Gmaj7|Gm7|C7|Fmaj7|Fm7,Bb7"
      }
    },
    {
      "Label": "A",
      "MainSegment": {
        "Chords": "Ebmaj7|Em7,A7b5|Abmaj7|Abm7,Db7|Gm7|C7|Fm7|Bb7|Ebmaj7|Ebmaj7"
      }
    },
    {
      "MainSegment": {
        "Chords": "Abm7,Db7|Gm7,C7|Fm7,Bb7|Ebmaj7#11"
      }
    }
  ]
}