{
  "Title": "Brilliant Corners",
  "Composer": "Thelonious Monk",
  "Key": "Bb",
  "Rhythm": "Medium Swing",
  "TimeSignature": "4/4",
  "Sections": [
    {
      "Label": "i",
      "MainSegment": {
        "Chords": "Bbmaj7,Db7|Db7|Bbmaj7,Db7|Db7,Gb7,F7#11,"
      }
    },
    {
      "Label": "A",
      "MainSegment": {
        "Chords": "Bb,D7,Db7,|Gb7,F7#11|Bb,Ab7|Gb7,F7#11|Bb,D7,Db7,|Gb7,F7#11|Bb|Bb"
      }
    },
    {
      "Label": "B",
      "MainSegment": {
        "Chords": "Am7,D7|Dm7,G7,Gb7,|B7,E7|Em7,A7|Ab7|G7,Gb7|F7"
      }
    },
    {
      "Label": "A",
      "MainSegment": {
        "Chords": "Bb,D7,Db7,|Gb7,F7#11|Bb,Ab7|Gb7,F7#11|Bb,D7,Db7,|Gb7,F7#11|Bb"
      }
    }
  ]
}