{
  "Title": "Brother Can You Spare A Dime",
  "Composer": "Yarburg-Gorney",
  "Key": "Cmin",
  "Rhythm": "Slow Swing",
  "TimeSignature": "4/4",
  "Sections": [
    {
      "Label": "v",
      "MainSegment": {
        "Chords": "Cm|Fm|Cm|Fm7,Bb7|Eb"
      },
      "Endings": [
        {
          "Chords": "D7|D7|G7b9"
        },
        {
          "Chords": "G7b9|Cm|Fm,G7b9"
        }
      ]
    },
    {
      "Label": "A",
      "MainSegment": {
        "Chords": "Cm,Cm/Eb|G7/D,C7/E|F7,Bb7|Ebmaj7,A7#11|Ab6,G7|Cm,Bbm7,Eb7,|Ab7,G7"
      },
      "Endings": [
        {
          "Chords": "Cm,Dm7b5,G7,"
        },
        {
          "Chords": "Cm"
        }
      ]
    },
    {
      "Label": "B",
      "MainSegment": {
        "Chords": "C7|Gm7b5,C7b9|Gm7b5|C7|F7|Cm7,F7|Cm7,F7|Ab7,G7b9"
      }
    },
    {
      "Label": "A",
      "MainSegment": {
        "Chords": "Cm,Cm/Eb|G7/D,C7/E|F7,Bb7|Ebmaj7,A7#11|Ab6,G7|Cm,Bbm7,Eb7,|Ab7,G7|Cm"
      }
    }
  ]
}