{
  "Title": "But Beautiful",
  "Composer": "Jimmy Van-Heusen",
  "Key": "G",
  "Rhythm": "Ballad",
  "TimeSignature": "4/4",
  "Sections": [
    {
      "Label": "A",
      "MainSegment": {
        "Chords": "Gmaj7,(C7)|Bm7b5,E7b9|Am7|C#m7b5,F#7b9|Gmaj7,(C7)|Bm7b5,E7b9|A7|A7"
      }
    },
    {
      "Label": "B",
      "MainSegment": {
        "Chords": "D7,D7/C|Bm7,Em7|Am7,D7|Gmaj7,(B7b9)|Em7|A7|Am7|D7"
      }
    },
    {
      "Label": "A",
      "MainSegment": {
        "Chords": "Gmaj7,(C7)|Bm7b5,E7b9|Am7|C#m7b5,F#7b9|Gmaj7,(C7)|Bm7b5,E7b9|A7|A7"
      }
    },
    {
      "Label": "C",
      "MainSegment": {
        "Chords": "D7,D7/C|Bm7,Em7|Am7,,F#m7b5,B7|Em7,F7|Bm7,E7|Am7,D7|G6,Em7|Am7,D7"
      }
    }
  ]
}