{
  "Title": "But Not For Me",
  "Composer": "George Gershwin",
  "Key": "Eb",
  "Rhythm": "Medium Up Swing",
  "TimeSignature": "4/4",
  "Sections": [
    {
      "Label": "A",
      "MainSegment": {
        "Chords": "F7(Ebmaj7),(Cm7)|Bb7(Fm7),(Bb7)|Ebmaj7,Ab7|Gm7,C7|F7|Bb7|Ebmaj7|Bbm7,Eb7"
      }
    },
    {
      "Label": "B",
      "MainSegment": {
        "Chords": "Abmaj7|Db7|Ebmaj7|Cm7|Fm7|Fm7|Fm7|Bb7"
      }
    },
    {
      "Label": "A",
      "MainSegment": {
        "Chords": "F7(Ebmaj7),(Cm7)|Bb7(Fm7),(Bb7)|Ebmaj7,Ab7|Gm7,C7|F7|Bb7|Ebmaj7|Bbm7,Eb7"
      }
    },
    {
      "Label": "C",
      "MainSegment": {
        "Chords": "Abmaj7|Db7|Ebmaj7,Ab7|Gm7,C7|Fm7|Bb7|Eb6|Eb6"
      }
    }
  ]
}