{
  "Title": "Bye Bye Blackbird",
  "Composer": "Ray Henderson",
  "Key": "F",
  "Rhythm": "Medium Swing",
  "TimeSignature": "4/4",
  "Sections": [
    {
      "Label": "A",
      "MainSegment": {
        "Chords": "Fmaj7|Gm7,C7|Fmaj7|Gm7,C7|Fmaj7(Am7b5)|Am7b5(D7b9),D7b9|Gm7|C7|Gm7|D7|Gm7|C7|Gm7|C7|F6|F6"
      }
    },
    {
      "Label": "B",
      "MainSegment": {
        "Chords": "F7|E7(F7)|Eb7|D7b9|Gm7|Gm7|Db7|C7"
      }
    },
    {
      "MainSegment": {
        "Chords": "Fmaj7|Gm7,C7|Fmaj7(Am7b5)|Am7b5(D7b9),D7b9|Gm7|C7|F6|Gm7,C7"
      }
    }
  ]
}