{
  "Title": "Bye Bye Baby",
  "Composer": "Jule Styne",
  "Key": "Bb",
  "Rhythm": "Medium Swing",
  "Sections": [
    {
      "Label": "A",
      "MainSegment": {
        "Chords": "Bbmaj7,F7#5|Bbmaj7,G7|Cm7|F7|Bbmaj7|Gm7|C7|F7"
      }
    },
    {
      "Label": "B",
      "MainSegment": {
        "Chords": "Bbmaj7,D7|G7,Bb7|Ebmaj7,G7|Cm7|F7,E07|F7,F7#5|Bbmaj7,B07|Cm7,F7"
      }
    },
    {
      "Label": "A",
      "MainSegment": {
        "Chords": "Bbmaj7,F7#5|Bbmaj7,G7|Cm7|F7|Bbmaj7|Gm7|Am7|D7"
      }
    },
    {
      "Label": "C",
      "MainSegment": {
        "Chords": "Gm7,Gb07|Fm7,Bb7|Ebmaj7|E07|Bbmaj7/F,Gm7|Cm7,F7|Bb6|Cm7,F7"
      }
    }
  ]
}