{
  "Title": "C'est Si Bon",
  "Composer": "Henri Betti",
  "Key": "Bb",
  "Rhythm": "Medium Swing",
  "TimeSignature": "4/4",
  "Sections": [
    {
      "Label": "A",
      "MainSegment": {
        "Chords": "Cm7|F7|Bbmaj7,Eb7|Dm7,G7|Cm7|F7"
      },
      "Endings": [
        {
          "Chords": "Bb6,Eb7|D7,G7b9"
        },
        {
          "Chords": "Bb6|Abm7,Db7"
        }
      ]
    },
    {
      "Label": "B",
      "MainSegment": {
        "Chords": "Gbmaj7,Ebm7|Abm7,Db7|Gbmaj7|Gbmaj7|Gm7|C7|Cm7|F7,,Dm7,Dbm7"
      }
    },
    {
      "Label": "C",
      "MainSegment": {
        "Chords": "Cm7|F7|Bbmaj7,Eb7|Dm7,G7|Cm7|F7|Dm7b5|G7b9|Cm7|Ebm6|Dm7|G7|Cm7|F7|Bb6|Cm7,F7"
      }
    }
  ]
}