{
  "Title": "Call Me",
  "Composer": "Tony Hatch",
  "Key": "G",
  "Rhythm": "Bossa Nova",
  "TimeSignature": "4/4",
  "Sections": [
    {
      "Label": "A",
      "Repeats": 1,
      "MainSegment": {
        "Chords": "Gmaj7|Gmaj7|Gm7|C7|Fmaj7|Fmaj7|Fm7|Bb7|Ebmaj7|Cm7|Ebmaj7|Cm7|Ebmaj7|Cm7|Gmaj7|Gmaj7"
      }
    },
    {
      "Label": "B",
      "MainSegment": {
        "Chords": "Am7,D7|Am7,D7|Gmaj7,C7|Bm7,E7#9|Am7,D7|Am7,D7|Bm7,E7#9|Am7,D7"
      }
    },
    {
      "Label": "A",
      "MainSegment": {
        "Chords": "Gmaj7|Gmaj7|Gm7|C7|Fmaj7|Fmaj7|Fm7|Bb7|Ebmaj7|Cm7|Ebmaj7|Cm7|Ebmaj7|Cm7|Gmaj7|Gmaj7"
      }
    }
  ]
}