{
  "Title": "Call Me Irresponsible",
  "Composer": "Jimmy Van-Heusen",
  "Key": "F",
  "Rhythm": "Medium Swing",
  "TimeSignature": "4/4",
  "Sections": [
    {
      "Label": "A",
      "MainSegment": {
        "Chords": "F,F6|F#07|Gm7,Gm6|G#07|Fmaj7/A|A7b13|D7b13|D7b13"
      }
    },
    {
      "Label": "B",
      "MainSegment": {
        "Chords": "Gm7|C7|Am7b5|D7b13"
      },
      "Endings": [
        {
          "Chords": "Dm7|G7|Gm7|C7"
        },
        {
          "Chords": "Gm7|C7|A7b13|D7b9|Gm7|C7|F6|Gm7,C7"
        }
      ]
    }
  ]
}