{
  "Title": "Can't Help Lovin' Dat Man",
  "Composer": "Jerome Kern",
  "Key": "Eb",
  "Rhythm": "Slow Swing",
  "TimeSignature": "4/4",
  "Sections": [
    {
      "Label": "A",
      "MainSegment": {
        "Chords": "Ebmaj7,Cm7|Fm7,Bb7|Ebmaj7,,Bbm7,Eb7|Ab6,Db7|Gm7,Cm7|B7,Bb7|Eb6,E07"
      },
      "Endings": [
        {
          "Chords": "Fm7,Bb7"
        },
        {
          "Chords": "Bbm7,Eb7"
        }
      ]
    },
    {
      "Label": "B",
      "MainSegment": {
        "Chords": "Ab6|A07|Ebmaj7|F7|Ebmaj7|G7|Fm7|Bb7"
      }
    },
    {
      "Label": "A",
      "MainSegment": {
        "Chords": "Ebmaj7,Cm7|Fm7,Bb7|Ebmaj7,,Bbm7,Eb7|Ab6,Db7|Gm7,Cm7|B7,Bb7|Eb6|Fm7,Bb7"
      }
    }
  ]
}