{
  "Title": "Candy",
  "Composer": "David-Whitney-Kramer",
  "Key": "Bb",
  "Rhythm": "Medium Swing",
  "TimeSignature": "4/4",
  "Sections": [
    {
      "Label": "A",
      "MainSegment": {
        "Chords": "Ebmaj7|Ebm6|Dm7|Db07|Cm7|F7"
      },
      "Endings": [
        {
          "Chords": "Bb6|Fm7,Bb7"
        },
        {
          "Chords": "Bb6,Eb7|Bb6"
        }
      ]
    },
    {
      "Label": "B",
      "MainSegment": {
        "Chords": "Am7|D7|Dm7|G7|Gm7|C7|Cm7|F7,Bb7"
      }
    },
    {
      "Label": "A",
      "MainSegment": {
        "Chords": "Ebmaj7|Ebm6|Dm7|Db07|Cm7|F7|Bb6,Eb7|Bb6"
      }
    }
  ]
}