{
  "Title": "Catch Me",
  "Composer": "Joe Pass",
  "Key": "Dmin",
  "Rhythm": "Up Tempo Swing",
  "TimeSignature": "4/4",
  "Sections": [
    {
      "Label": "A",
      "Repeats": 1,
      "MainSegment": {
        "Chords": "Dm7|Dm7|Dm7|Dm7|Dm7|Dm7|Dm7|A7#9,Dm7"
      }
    },
    {
      "Label": "B",
      "MainSegment": {
        "Chords": "Am7b5|D7b9|Gm7|Gm7|Gm7|C7|Fmaj7|Em7b5,A7b9"
      }
    },
    {
      "Label": "A",
      "MainSegment": {
        "Chords": "Dm7|Dm7|Dm7|Dm7|Dm7|Dm7|Dm7|A7#9,Dm7"
      }
    }
  ]
}