{
  "Title": "Change Partners",
  "Composer": "Irving Berlin",
  "Key": "F",
  "Rhythm": "Medium Swing",
  "TimeSignature": "4/4",
  "Sections": [
    {
      "Label": "A",
      "MainSegment": {
        "Chords": "Fmaj7|Fmaj7|Ab07|Ab07|Gm7|C7|Bbm7|Eb7|Fmaj7/A|Ab07|Gm7|C7|Gm7|C7"
      },
      "Endings": [
        {
          "Chords": "F6,D7|Gm7,C7"
        },
        {
          "Chords": "F6|Bbm7,Eb7"
        }
      ]
    },
    {
      "Label": "B",
      "MainSegment": {
        "Chords": "Abmaj7|Abmaj7|Abmaj7|Bbm7,Eb7|Abmaj7|Abmaj7|Gm7|C7"
      }
    },
    {
      "Label": "A",
      "MainSegment": {
        "Chords": "Fmaj7|Fmaj7|Ab07|Ab07|Gm7|C7|Bbm7|Eb7|Fmaj7|E7|Eb7#11|D7b9|Gm7|C7sus,C7|F6|Gm7,C7"
      }
    }
  ]
}