{
  "Title": "Chase, The",
  "Composer": "Dexter Gordon",
  "Key": "Bb",
  "Rhythm": "Medium Up Swing",
  "TimeSignature": "4/4",
  "Sections": [
    {
      "Label": "A",
      "Repeats": 1,
      "MainSegment": {
        "Chords": "Bb6|Bb6|Eb7|Eb7|Bb6|Ebm7,Ab7|Cm7,F7|Bb6"
      }
    },
    {
      "Label": "B",
      "MainSegment": {
        "Chords": "Fm7,Bb7|Fm7,Bb7|Gm7,Cm7|Gm7,Cm7|Abm7,Db7|Abm7,Db7|Gm7,Cm7|F#m7,B7"
      }
    },
    {
      "Label": "A",
      "MainSegment": {
        "Chords": "Bb6|Bb6|Eb7|Eb7|Bb6|Ebm7,Ab7|Cm7,F7|Bb6"
      }
    }
  ]
}