{
  "Title": "Cheese Cake",
  "Composer": "Dexter Gordon",
  "Key": "Cmin",
  "Rhythm": "Medium Up Swing",
  "TimeSignature": "4/4",
  "Sections": [
    {
      "Label": "A",
      "MainSegment": {
        "Chords": "Cm69|Dm7b5,G7b13|Cm69|Cm69,(C7b9)|Fm69|Gm7b5,C7b13|Fm69|Fm69|Dm7b5|G7b13|Fm7|Bb7|Ebm7,Ab7|Dm7b5,G7b13"
      },
      "Endings": [
        {
          "Chords": "Cm69|Dm7b5,G7b9"
        },
        {
          "Chords": "Cm69|Cm69"
        }
      ]
    },
    {
      "Label": "B",
      "MainSegment": {
        "Chords": "Gm7|C7|Fm7|Bb7|Ebm7|Ab7|Dm7b5|G7b9"
      }
    }
  ]
}