{
  "Title": "Cheetah",
  "Composer": "Kenny Burrell",
  "Key": "Bb",
  "Rhythm": "Up Tempo Swing",
  "TimeSignature": "4/4",
  "Sections": [
    {
      "Label": "A",
      "MainSegment": {
        "Chords": "Bbmaj7|Cm7,C#07|Dm7,G7#9|C7,F7|Bb7|Eb,E07|Bb/F,G7"
      },
      "Endings": [
        {
          "Chords": "C7,F7"
        },
        {
          "Chords": "C7,F7,Bb6,"
        }
      ]
    },
    {
      "Label": "B",
      "MainSegment": {
        "Chords": "Am7|D7|G7|G7|Gm7|C7|Cm7|F7"
      }
    },
    {
      "Label": "A",
      "MainSegment": {
        "Chords": "Bbmaj7|Cm7,C#07|Dm7,G7#9|C7,F7|Bb7|Eb,E07|Bb/F,G7|C7,F7"
      }
    },
    {
      "MainSegment": {
        "Chords": "C7,F7,Bb6,"
      }
    }
  ]
}