{
  "Title": "Cheek To Cheek",
  "Composer": "Irving Berlin",
  "Rhythm": "Medium Up Swing",
  "TimeSignature": "4/4",
  "Sections": [
    {
      "Label": "B",
      "MainSegment": {
        "Chords": "Cmaj7,C#07|Dm7,G7|Cmaj7,C#07|Dm7,G7|Cmaj7,Dm7|Eb07,Em7|Bb7#11|A7,D7|G7,Dm7|Em7,F7|Bb7#11|A7|Dm7|G7"
      },
      "Endings": [
        {
          "Chords": "Em7,A7|Dm7,G7"
        },
        {
          "Chords": "C6|C6"
        }
      ]
    },
    {
      "Label": "C",
      "Repeats": 1,
      "MainSegment": {
        "Chords": "Dm7,G7|C6,A7|Dm7,G7|C6,A7|Dm7,G7|C6,A7|Dm7,G7|C6"
      }
    },
    {
      "MainSegment": {
        "Chords": "Cm7|Cm7|Ebm7|Ab7|Dm7b5|G7,G#07|Am7|Dm7,G7"
      }
    }
  ]
}