{
  "Title": "Cherokee",
  "Composer": "Ray Noble",
  "Key": "Bb",
  "Rhythm": "Up Tempo Swing",
  "TimeSignature": "4/4",
  "Sections": [
    {
      "Label": "A",
      "MainSegment": {
        "Chords": "Bb6|Bb6|Fm7|Bb7|Ebmaj7|Ebmaj7|Ab7|Ab7|Bb6|Bb6|C7|C7"
      },
      "Endings": [
        {
          "Chords": "Cm7|G7b9|Cm7|F7#5"
        },
        {
          "Chords": "Cm7|F7|Bb6|Bb6"
        }
      ]
    },
    {
      "Label": "B",
      "MainSegment": {
        "Chords": "C#m7|F#7|Bmaj7|Bmaj7|Bm7|E7|Amaj7|Amaj7|Am7|D7|Gmaj7|Gmaj7|Gm7|C7|Cm7|F7#5"
      }
    }
  ]
}