{
  "Title": "Chicago",
  "Composer": "Fred Fisher",
  "Rhythm": "Medium Swing",
  "TimeSignature": "4/4",
  "Sections": [
    {
      "Label": "B",
      "MainSegment": {
        "Chords": "Cmaj7,Dm7|Em7,A7|Dm7,G7|Dm7,A7#5|Dm7|G7|Cmaj7/E,Eb07|Dm7,G7"
      }
    },
    {
      "Label": "A",
      "MainSegment": {
        "Chords": "Cmaj7,Dm7|Em7,A7|D7|D7,A7b9|Dm7,G7|Dm7,G7|Bb7,A7|Ab7,G7"
      }
    },
    {
      "Label": "C",
      "MainSegment": {
        "Chords": "Cmaj7,Dm7|Em7,A7|Dm7,G7|Dm7,A7#5|Bm7b5|E7b9|Am7,Ab7|Gm7,Gb7"
      }
    },
    {
      "MainSegment": {
        "Chords": "Fmaj7|Bb9|Em7|A7|Dm7|G7|C6,A7|Dm7,G7"
      }
    }
  ]
}