{
  "Title": "Close Your Eyes",
  "Composer": "Bernice Petkere",
  "Key": "Ebmin",
  "Rhythm": "Medium Swing",
  "TimeSignature": "4/4",
  "Sections": [
    {
      "Label": "A",
      "MainSegment": {
        "Chords": "Fm7b5|Bb7b9|Fm7b5|Bb7b9|Ebm6,Cm7b5|Fm7b5,Bb7b9"
      },
      "Endings": [
        {
          "Chords": "Ebm6|Ebm6"
        },
        {
          "Chords": "Ebmaj7|Ebmaj7"
        }
      ]
    },
    {
      "Label": "B",
      "MainSegment": {
        "Chords": "Bbm7|Eb7|Bbm7|Eb7|Ab7|Ab7|B7|Bb7b9"
      }
    },
    {
      "Label": "A",
      "MainSegment": {
        "Chords": "Fm7b5|Bb7b9|Fm7b5|Bb7b9|Ebm6,Cm7b5|Fm7b5,Bb7b9|Ebm6|Ebm6"
      }
    }
  ]
}