{
  "Title": "Comes Love",
  "Composer": "Brown-Stept-Tobias",
  "Key": "Gmin",
  "Rhythm": "Medium Swing",
  "TimeSignature": "4/4",
  "Sections": [
    {
      "Label": "A",
      "MainSegment": {
        "Chords": "Gm6|Gm6|D7b13|D7b13|Am7b5|D7b9|Gm6"
      },
      "Endings": [
        {
          "Chords": "Am7b5,D7b9"
        },
        {
          "Chords": "Eb7,D7"
        }
      ]
    },
    {
      "Label": "B",
      "MainSegment": {
        "Chords": "G7b13|G7b13|Cm7,G7b9|Cm7|F7|F7|Bb6|D7b13"
      }
    },
    {
      "Label": "A",
      "MainSegment": {
        "Chords": "Gm6|Gm6|D7b13|D7b13|Am7b5|D7b9|Gm6|Am7b5,D7b9"
      }
    }
  ]
}