{
  "Title": "Come Sunday",
  "Composer": "Duke Ellington",
  "Key": "Bb",
  "Rhythm": "Ballad",
  "TimeSignature": "4/4",
  "Sections": [
    {
      "Label": "A",
      "Repeats": 1,
      "MainSegment": {
        "Chords": "F7|Eb7#11|F7,Gb7|G7|Cm7|F7|Bb,Eb6/Bb|Bb07,Bb6"
      }
    },
    {
      "Label": "B",
      "MainSegment": {
        "Chords": "D7,Eb7|D7|Gm7|C7|F7,Cm7|F7,,Ab7,G7|C9|F7#5"
      }
    },
    {
      "Label": "A",
      "MainSegment": {
        "Chords": "F7|Eb7#11|F7,Gb7|G7|Cm7|F7|Bb,Eb6/Bb|Bb07,Bb6"
      }
    }
  ]
}