{
  "Title": "Con Alma",
  "Composer": "Dizzy Gillespie",
  "Rhythm": "Afro",
  "TimeSignature": "4/4",
  "Sections": [
    {
      "Label": "A",
      "Repeats": 1,
      "MainSegment": {
        "Chords": "Emaj7,G#7/D#|C#m7,B7|Bb7|Ebmaj7,,Ebm7,Ab7|Dbmaj7,F7/C|Bbm7,Ab7|G7|Cmaj7"
      }
    },
    {
      "Label": "B",
      "MainSegment": {
        "Chords": "Cm7b5|F7b9|F#m7|B7|Emaj7|Emaj7|Fm7|Bb7"
      }
    },
    {
      "Label": "A",
      "MainSegment": {
        "Chords": "Emaj7,G#7/D#|C#m7,B7|Bb7|Ebmaj7,,Ebm7,Ab7|Dbmaj7,F7/C|Bbm7,Ab7|G7|Cmaj7"
      }
    }
  ]
}