{
  "Title": "Conception",
  "Composer": "George Shearing",
  "Key": "Db",
  "Rhythm": "Medium Swing",
  "TimeSignature": "4/4",
  "Sections": [
    {
      "Label": "A",
      "Repeats": 1,
      "MainSegment": {
        "Chords": "Ebm7b5|Ab7b9|Dbmaj7,Bm7|Amaj7,Abmaj7|Abm7,Db7|Gb7,F7|Bb7,A7|Ab7,G7|F#m7,B7|Emaj7,Amaj7|Ebm7,Ab7|Dbmaj7"
      }
    },
    {
      "Label": "B",
      "MainSegment": {
        "Chords": "F#m7|B7alt|Emaj7,F#m7|Abm7,Db7|Gm7,C7|F#m7,B7|Em7|A7"
      }
    },
    {
      "Label": "A",
      "MainSegment": {
        "Chords": "Ebm7b5|Ab7b9|Dbmaj7,Bm7|Amaj7,Abmaj7|Abm7,Db7|Gb7,F7|Bb7,A7|Ab7,G7|F#m7,B7|Emaj7,Amaj7|Ebm7,Ab7|Dbmaj7"
      }
    }
  ]
}