{
  "Title": "Confirmation",
  "Composer": "Charlie Parker",
  "Key": "F",
  "Rhythm": "Up Tempo Swing",
  "TimeSignature": "4/4",
  "Sections": [
    {
      "Label": "B",
      "MainSegment": {
        "Chords": "Fmaj7|Em7b5,A7b9|Dm7,G7|Cm7,F7|Bb7|Am7,D7"
      },
      "Endings": [
        {
          "Chords": "G7|C7b9"
        },
        {
          "Chords": "Gm7,C7|Fmaj7"
        }
      ]
    },
    {
      "Label": "A",
      "MainSegment": {
        "Chords": "Cm7|F7|Bbmaj7|Bbmaj7|Ebm7|Ab7|Dbmaj7|Gm7,C7alt"
      }
    },
    {
      "MainSegment": {
        "Chords": "Fmaj7|Em7b5,A7b9|Dm7,G7|Cm7,F7|Bb7|Am7,D7|Gm7,C7|Fmaj7,C7"
      }
    }
  ]
}