{
  "Title": "Corcovado",
  "Composer": "Antonio-Carlos Jobim",
  "Rhythm": "Bossa Nova",
  "TimeSignature": "4/4",
  "Sections": [
    {
      "Label": "A",
      "MainSegment": {
        "Chords": "D7/A|D7/A|Ab07|Ab07|Gm7|C7|F07,Fmaj7|Fmaj7"
      }
    },
    {
      "Label": "B",
      "MainSegment": {
        "Chords": "Fm7|Bb7|Em7|A7b13|D7|D7|Dm7|Ab07"
      }
    },
    {
      "Label": "A",
      "MainSegment": {
        "Chords": "D7/A|D7/A|Ab07|Ab07|Gm7|C7|F07,Fmaj7|Fmaj7"
      }
    },
    {
      "Label": "C",
      "MainSegment": {
        "Chords": "Fm7|Bb7#11|Em7|Am7|Dm7|G7|Em7|A7b13|Dm7|G7"
      }
    },
    {
      "MainSegment": {
        "Chords": "C6"
      }
    }
  ]
}