{
  "Title": "Cotton Tail",
  "Composer": "Duke Ellington",
  "Key": "Bb",
  "Rhythm": "Up Tempo Swing",
  "TimeSignature": "4/4",
  "Sections": [
    {
      "Label": "A",
      "MainSegment": {
        "Chords": "Bb6,Gm7|Cm7,F7|Dm7,G7|Cm7,F7|Bb6,Bb7/D|Eb6,E07|Bb6/F,Gm7"
      },
      "Endings": [
        {
          "Chords": "Cm7,F7"
        },
        {
          "Chords": "F7,Bb6"
        }
      ]
    },
    {
      "Label": "B",
      "MainSegment": {
        "Chords": "D7|D7|G7|G7|C7|C7|F7|F7"
      }
    },
    {
      "Label": "A",
      "MainSegment": {
        "Chords": "Bb6,Gm7|Cm7,F7|Dm7,G7|Cm7,F7|Bb6,Bb7/D|Eb6,E07|Bb6/F,Gm7|F7,Bb6"
      }
    }
  ]
}