{
  "Title": "Cottage For Sale",
  "Composer": "Willard Robison",
  "Key": "Eb",
  "Rhythm": "Medium Swing",
  "TimeSignature": "4/4",
  "Sections": [
    {
      "Label": "A",
      "MainSegment": {
        "Chords": "Eb6|G7|C7b9|Fm7,Abm6|Gm7,C7|Fm7,Abm6|F7,Bb7"
      },
      "Endings": [
        {
          "Chords": "Eb6,Bb7"
        },
        {
          "Chords": "Eb6"
        }
      ]
    },
    {
      "Label": "B",
      "MainSegment": {
        "Chords": "G7b13|G7b13|C7|C7|F7|F7|Fm7|Bb7"
      }
    },
    {
      "Label": "C",
      "MainSegment": {
        "Chords": "Eb6|G7|C7b9|Fm7,Abm6|Gm7,C7|Fm7,Abm6|F7,Bb7|Eb6"
      }
    }
  ]
}