{
  "Title": "Could It Be You",
  "Composer": "Cole Porter",
  "Key": "Bb",
  "Rhythm": "Ballad",
  "TimeSignature": "4/4",
  "Sections": [
    {
      "Label": "A",
      "MainSegment": {
        "Chords": "Bbmaj7|Cm7,F7|Bbmaj7|Gm7,Gbm7,Fm7,Bb7|Ebmaj7|Fm7,Bb7|Ebmaj7|Gm7,C7"
      },
      "Endings": [
        {
          "Chords": "Fmaj7|A7b9|Dm7,G7|Am7b5,D7b9|Gm7|C7|F7|Cm7,F7"
        },
        {
          "Chords": "Bbmaj7|D7|Ebmaj7|Ebm7,Ab7|Bbmaj7|C7,F7|Bb6|Cm7,F7"
        }
      ]
    }
  ]
}