{
  "Title": "Crazy Rhythm",
  "Composer": "Wolfe-Kahn-Meyer",
  "Key": "F",
  "Rhythm": "Up Tempo Swing",
  "TimeSignature": "4/4",
  "Sections": [
    {
      "Label": "B",
      "MainSegment": {
        "Chords": "F6|F6|F6|D7|Gm7|C7b9"
      },
      "Endings": [
        {
          "Chords": "F6,D7b9|Gm7,C7b9"
        },
        {
          "Chords": "F6|F6"
        }
      ]
    },
    {
      "Label": "A",
      "MainSegment": {
        "Chords": "Cm7|F7|Bbmaj7|Bbmaj7|Bbm7|Eb7|A7#5,D9|G7#5,C9"
      }
    },
    {
      "MainSegment": {
        "Chords": "F6|F6|G7|G7|Gm7|C7|F6,D7b9|Gm7,C7b9"
      }
    }
  ]
}