{
  "Title": "Crazy He Calls Me",
  "Composer": "Carl Sigman",
  "Key": "F",
  "Rhythm": "Ballad",
  "TimeSignature": "4/4",
  "Sections": [
    {
      "Label": "B",
      "MainSegment": {
        "Chords": "Fmaj7,Gm7|Am7,Gm7|Fmaj7,Bb7#11|Am7,D7|Gm7,C7|Am7,D7"
      },
      "Endings": [
        {
          "Chords": "Gm7,D9#5|Gm7,C7b9"
        },
        {
          "Chords": "Gm7,C7|F6,,Cm7,F7"
        }
      ]
    },
    {
      "Label": "A",
      "MainSegment": {
        "Chords": "Bbm7,Eb7|Abmaj7,Fm7|Dm7,G7|C6,A7|Dm7,G7|C6,Am7|Dm7,G7|Gm7,C7"
      }
    },
    {
      "Label": "A",
      "MainSegment": {
        "Chords": "Fmaj7,Gm7|Am7,Gm7|Fmaj7,Bb7#11|Am7,D7|Gm7,C7|Am7,D7|Gm7,C7|F6,C7sus"
      }
    }
  ]
}