{
  "Title": "Crisis",
  "Composer": "Freddie Hubbard",
  "Key": "B",
  "Rhythm": "Medium Swing",
  "TimeSignature": "4/4",
  "Sections": [
    {
      "Label": "i",
      "Repeats": 1,
      "MainSegment": {
        "Chords": "B7sus|B7sus|B7sus|B7sus"
      }
    },
    {
      "Label": "A",
      "MainSegment": {
        "Chords": "B7sus|B7sus|Db7/B|Db7/B|Cmaj7/B|Cmaj7/B|B7|B7|Bb7|Bb7|A7|F#7#9|Bm|F#7#9|Bm"
      },
      "Endings": [
        {
          "Chords": "F#7#9"
        },
        {
          "Chords": "Bm"
        }
      ]
    },
    {
      "Label": "B",
      "MainSegment": {
        "Chords": "G7|C#m7b5,F#7#9|Bm7,E7|Am7,D7|Abm7|Db7|Ebm7,D7|C#m7b5,F#7#9"
      }
    },
    {
      "Label": "A",
      "Repeats": 1,
      "MainSegment": {
        "Chords": "Bm|F#7#9"
      }
    }
  ]
}