{
  "Title": "Criss Cross",
  "Composer": "Thelonious Monk",
  "Key": "Gmin",
  "Rhythm": "Medium Swing",
  "TimeSignature": "4/4",
  "Sections": [
    {
      "Label": "B",
      "Repeats": 1,
      "MainSegment": {
        "Chords": "Gm6|Gm6|Gb7#9|Bb13|Dm7|G7#11|Gb13|Gb13"
      }
    },
    {
      "Label": "A",
      "MainSegment": {
        "Chords": "Cm7|F7|Bbmaj7|Cm7|F7|Bbmaj7"
      }
    },
    {
      "MainSegment": {
        "Chords": "Gm6|Gm6|Gb7#9|Bb13|Dm7|G7#11|Gb13|Gb13"
      }
    }
  ]
}