{
  "Title": "Cynthia's In Love",
  "Composer": "Owens-White-Gish",
  "Key": "Eb",
  "Rhythm": "Medium Swing",
  "TimeSignature": "4/4",
  "Sections": [
    {
      "Label": "A",
      "MainSegment": {
        "Chords": "Fm7|Bb13,Bb7b9|Eb6,Abm6|Gm9,Gb07|Fm7|Bb7sus"
      },
      "Endings": [
        {
          "Chords": "Gm7|C7b9"
        },
        {
          "Chords": "Bbm7|A9#11"
        }
      ]
    },
    {
      "Label": "B",
      "MainSegment": {
        "Chords": "Abmaj7|Am7b5,D7|Gm7|C13|Fm7|F#m7,B13|Fm7,Bb13|Db9,C9"
      }
    },
    {
      "Label": "A",
      "MainSegment": {
        "Chords": "Fm7|Bb13,Bb7b9|Eb6,Abm6|Gm9,Gb07|Fm7,B9#5|Bb7sus,Bb7b9|Eb69|Eb69"
      }
    }
  ]
}