{
  "Title": "Dance Cadaverous",
  "Composer": "Wayne Shorter",
  "Rhythm": "Waltz",
  "TimeSignature": "3/4",
  "Sections": [
    {
      "Label": "i",
      "MainSegment": {
        "Chords": "Abmaj7|Abmaj7|Abmaj7|Abmaj7|A7sus|A7sus|A7b9#5|A7b9#5"
      }
    },
    {
      "Label": "A",
      "MainSegment": {
        "Chords": "Bm/maj7|Bm/maj7|Cm/maj7|Cm/maj7|C#m7b5|C#m7b5|F#7b9|F#7b9|Bm/maj7|Bm/maj7|Cm/maj7|Cm/maj7|C#m7|C#m7|F#7sus|F#7|Gmaj7|Gmaj7|C13#11|C13#11|C7alt|C7alt/Ab|Abm11|Abm11|Fm7b5|Fm7b5|Bb7#5#9|Bb7#5#9|Bbm7|Bbm7|C#m7b5|F#7b9"
      }
    },
    {
      "Label": "B",
      "MainSegment": {
        "Chords": "Bm/maj7|Bm/maj7|Cm/maj7|Cm/maj7|C#m7b5|C#m7b5|F#7b9|F#7b9|Bm/maj7/D|Bm/maj7/D|Am7/D|D7|Gmaj7#5|Gmaj7#5/F#|Em7|Em7/D|C#m7b5|C#m7b5|C13#11|C13#11|C7alt|C7alt/Ab|Abm11|Abm11|G7sus|G7sus|C#m7b5|F#7b9|Cmaj7#11|Cmaj7#11|Cmaj7#11|Cmaj7#11"
      }
    }
  ]
}