{
  "Title": "Dat Dere",
  "Composer": "Bobby Timmons",
  "Key": "Cmin",
  "Rhythm": "Slow Swing",
  "TimeSignature": "4/4",
  "Sections": [
    {
      "Label": "A",
      "MainSegment": {
        "Chords": "Cm7,Cm7/Bb|Am7b5,Abmaj7|Am7b5,D7#9|Dm7b5,G7b9|Cm7,Cm7/Bb|Am7b5,Abmaj7"
      },
      "Endings": [
        {
          "Chords": "Dm7b5,G7b13|Cm7(Fm6),G7b13(Cm7)"
        },
        {
          "Chords": "Dm7b5,G7b13|Cm7(Fm6),(Cm7)"
        }
      ]
    },
    {
      "Label": "B",
      "MainSegment": {
        "Chords": "Dm7b5,G7,Cm7,Cm/Bb|Am7b5,D7,Gm7,|Am7b5,D7#9|Dm7b5,G7b9|Dm7b5,G7,Cm7,Cm/Bb|Am7b5,D7,Gm7,|Dm7b5,G7b13|Cm7(Fm6),G7b13(Cm7)"
      }
    },
    {
      "Label": "A",
      "MainSegment": {
        "Chords": "Cm7,Cm7/Bb|Am7b5,Abmaj7|Am7b5,D7#9|Dm7b5,G7b9|Cm7,Cm7/Bb|Am7b5,Abmaj7|Dm7b5,G7b13|Cm7(Fm6),G7b13(Cm7)"
      }
    }
  ]
}