{
  "Title": "Day Dream",
  "Composer": "Strayhorn-Ellington",
  "Key": "F",
  "Rhythm": "Ballad",
  "TimeSignature": "4/4",
  "Sections": [
    {
      "Label": "A",
      "MainSegment": {
        "Chords": "Fmaj7,F7/A|Bb7#5,A7b13|Dm7,F7/C|Bbm6,C7b13|Fm7,Fm7/Eb|Db7"
      },
      "Endings": [
        {
          "Chords": "C7|G7,Gb7"
        },
        {
          "Chords": "Fmaj7|Cm7,F7"
        }
      ]
    },
    {
      "Label": "B",
      "MainSegment": {
        "Chords": "Bbmaj7,,Bm7,E7|Amaj7,,Bbm7,Eb7|Abmaj7,,Am7,D7|Gmaj7|Gm7,C7b9|Fmaj7,Ab7|G7|Gm7,C7#5"
      }
    },
    {
      "Label": "A",
      "MainSegment": {
        "Chords": "Fmaj7,F7/A|Bb7#5,A7b13|Dm7,F7/C|Bbm6,C7b13|Fm7,Fm7/Eb|Db7,C7|Fmaj7|Fmaj7"
      }
    }
  ]
}