{
  "Title": "Day In, Day Out",
  "Composer": "Rube Bloom",
  "Rhythm": "Medium Swing",
  "TimeSignature": "4/4",
  "Sections": [
    {
      "MainSegment": {
        "Chords": "C6|C6|Dm7|G7|C6,Dm7|D#07,C6/E"
      },
      "Endings": [
        {
          "Chords": "Em7|Eb07|Dm6|G7|Dm7|G7|Dm7|G7|Em7,A7b9|Dm7,G7"
        },
        {
          "Chords": "Cm7|F7|Gmaj7|Ab7|Gmaj7|Ab7|Gmaj7|Em7,Ebm7|Dm7|G7"
        },
        {
          "Chords": "Bb7|A7"
        }
      ]
    },
    {
      "Label": "A",
      "MainSegment": {
        "Chords": "D7/F#|Fm6|Em7|A7|D7|G7|Cmaj7,F7|Em7,A7|D7/F#|Fm6|Em7|A7b9|Dm7|G7|C6,A7#5|Dm7,G7#5"
      }
    }
  ]
}