{
  "Title": "Day By Day",
  "Composer": "Cahn-Stordahl-Weston",
  "Key": "G",
  "Rhythm": "Medium Swing",
  "TimeSignature": "4/4",
  "Sections": [
    {
      "Label": "A",
      "MainSegment": {
        "Chords": "Am7|Am7(D7)|Am7(D7)|D7|Gmaj7|C7|Bm7|E9#5"
      }
    },
    {
      "Label": "B",
      "MainSegment": {
        "Chords": "Am7|B7|Em7|A7|Em7|A7|Am7|Bm7,E9#5"
      }
    },
    {
      "Label": "A",
      "MainSegment": {
        "Chords": "Am7|Am7(D7)|Am7(D7)|D7|Gmaj7|C7|Bm7b5|E7b9"
      }
    },
    {
      "Label": "B",
      "MainSegment": {
        "Chords": "Am7|Cm7,F7|Gmaj7,F7#11|E7|Am7|D7|Gmaj7|Bm7,E9#5"
      }
    }
  ]
}