{
  "Title": "Daybreak",
  "Composer": "Adamson-Grofe",
  "Key": "Eb",
  "Rhythm": "Medium Swing",
  "TimeSignature": "4/4",
  "Sections": [
    {
      "Label": "A",
      "MainSegment": {
        "Chords": "Ebmaj7|Bb7|Ebmaj7|C7|Fm7|Bb7|Abmaj7|B7,Bb7"
      }
    },
    {
      "Label": "B",
      "MainSegment": {
        "Chords": "Ebmaj7|Ebm7,Ab7|Bbmaj7/F|Em7,A7|Cm7|F7|Fm7|Bb7"
      }
    },
    {
      "Label": "A",
      "MainSegment": {
        "Chords": "Ebmaj7|Bb7|Ebmaj7|C7|Fm7|Bb7|Abmaj7|B7,Bb7"
      }
    },
    {
      "Label": "C",
      "MainSegment": {
        "Chords": "Bbm7|Eb7|Abmaj7|Db7|Gm7,C7|Fm7,Bb7|Eb6|Fm7,Bb7"
      }
    }
  ]
}