{
  "Title": "Days Of Wine And Roses",
  "Composer": "Henry Mancini",
  "Key": "F",
  "Rhythm": "Medium Swing",
  "TimeSignature": "4/4",
  "Sections": [
    {
      "Label": "A",
      "MainSegment": {
        "Chords": "Fmaj7|Eb7#11|Am7(D7)|D7b13|Gm7|Gm7|Eb7#11|Eb7#11"
      }
    },
    {
      "Label": "B",
      "MainSegment": {
        "Chords": "Am7|Dm7|Gm7|Gm7/F|Em7b5,A7b9|Dm7,G7|Gm7|C7"
      }
    },
    {
      "Label": "A",
      "MainSegment": {
        "Chords": "Fmaj7|Eb7#11|Am7(D7)|D7b13|Gm7|Gm7|Eb9|Eb9"
      }
    },
    {
      "Label": "C",
      "MainSegment": {
        "Chords": "Am7|Dm7,Dm7/C|Bm7b5|E7b9|Am7,Dm7|Gm7,C7|F6|Gm7,C7"
      }
    }
  ]
}