{
  "Title": "Days And Nights Waiting",
  "Composer": "Keith Jarrett",
  "Key": "D",
  "Rhythm": "Even 8ths",
  "TimeSignature": "4/4",
  "Sections": [
    {
      "Label": "A",
      "Repeats": 1,
      "MainSegment": {
        "Chords": "Cm7|F7|Bbmaj7|A7|F#m7|Bm7|Em7,A7|Dmaj7"
      }
    },
    {
      "Label": "B",
      "MainSegment": {
        "Chords": "Cm7|F7|Ebm7|Ab7|Cm7|F7|Dm7,G7|Dbm7,Gb7"
      }
    },
    {
      "Label": "A",
      "MainSegment": {
        "Chords": "Cm7|F7|Bbmaj7|A7|F#m7|Bm7|Em7,A7|Dmaj7"
      }
    }
  ]
}