{
  "Title": "Dedicated To You",
  "Composer": "Cahn-Chaplin-Zaret",
  "Key": "Bb",
  "Rhythm": "Ballad",
  "TimeSignature": "4/4",
  "Sections": [
    {
      "Label": "B",
      "MainSegment": {
        "Chords": "Bbmaj7|Eb7(Em7),(A7)|Bbmaj7|Dm7,G7|Cm7b5(Ebm7),F7b9(Ab7)|Bbmaj7,,Am7,D7"
      },
      "Endings": [
        {
          "Chords": "Gm7,C7|Cm7,,F7#5(F#m7),(B7)"
        },
        {
          "Chords": "Gm7,C7,Cm7,F7|Bb6,,Em7,A7"
        }
      ]
    },
    {
      "Label": "A",
      "MainSegment": {
        "Chords": "Dmaj7|Bm7,E7b9|Em7,A7|Dmaj7,,Gm7,C7|Fmaj7,D7b9|Gm7,C7b9|Cm7|F7#5(F#m7),(B7)"
      }
    },
    {
      "MainSegment": {
        "Chords": "Bbmaj7|Eb7(Em7),(A7)|Bbmaj7|Dm7,G7|Cm7b5(Ebm7),F7b9(Ab7)|Bbmaj7,,Am7,D7|Gm7,C7,Cm7,F7|Bb6,,Cm7,F7"
      }
    }
  ]
}