{
  "Title": "Deed I Do",
  "Composer": "Hirsch-Rose",
  "Rhythm": "Medium Swing",
  "TimeSignature": "4/4",
  "Sections": [
    {
      "Label": "A",
      "MainSegment": {
        "Chords": "C6|Gm7,C7|Fmaj7|Bb7|Em7,A7|Dm7,G7"
      },
      "Endings": [
        {
          "Chords": "C6,Am7|Dm7,G7"
        },
        {
          "Chords": "C6|Gm7,C7"
        }
      ]
    },
    {
      "Label": "B",
      "MainSegment": {
        "Chords": "Fmaj7|Fmaj7|Bm7|E7|A7|A7|D7|Dm7,G7"
      }
    },
    {
      "Label": "A",
      "MainSegment": {
        "Chords": "C6|Gm7,C7|Fmaj7|Bb7|Em7,A7|Dm7,G7|C6|Dm7,G7"
      }
    }
  ]
}