{
  "Title": "Del Sasser",
  "Composer": "Sam Jones",
  "Key": "Eb",
  "Rhythm": "Medium Up Swing",
  "TimeSignature": "4/4",
  "Sections": [
    {
      "Label": "A",
      "Repeats": 1,
      "MainSegment": {
        "Chords": "Fm7|Bb7|Ebmaj7|Ebmaj7|Fm7|Bb7|Ebmaj7|Ebmaj7|Ebmaj7,Ebmaj7/D|Cm7,Cm7/Bb|Am7b5|Abm/maj7|Gm7,C7|Fm7,Bb7|Eb6|Eb6"
      }
    },
    {
      "Label": "B",
      "MainSegment": {
        "Chords": "Bbm7|Eb7|Abmaj7|Abmaj7|Bbm7|Eb7|Abmaj7|Abmaj7|Gm7|C7|Fmaj7|Fmaj7|Fm7|Bb7|Gm7|C7"
      }
    }
  ]
}