{
  "Title": "Desafinado",
  "Composer": "Antonio-Carlos Jobim",
  "Key": "F",
  "Rhythm": "Bossa Nova",
  "TimeSignature": "4/4",
  "Sections": [
    {
      "Label": "A",
      "MainSegment": {
        "Chords": "Fmaj7|Fmaj7|G7#11|G7#11|Gm7|C7|Am7b5|D7b9|Gm7|A7b9|D7|D7b9|G7b9|G7b9|Gbmaj7|Gbmaj7"
      }
    },
    {
      "Label": "A",
      "MainSegment": {
        "Chords": "Fmaj7|Fmaj7|G7#11|G7#11|Gm7|C7|Am7b5|D7b9|Gm7|Bbm6|Fmaj7|E7#9|Amaj7|Bb07|Bm7|E7"
      }
    },
    {
      "Label": "B",
      "MainSegment": {
        "Chords": "Amaj7|Bb07|Bm7|E7|Amaj7|F#m7|Bm7|E7|Cmaj7|C#07|Dm7|G7|Gm7|Ebm6|G7|C7b9"
      }
    },
    {
      "Label": "A",
      "MainSegment": {
        "Chords": "Fmaj7|Fmaj7|G7#11|G7#11|Gm7|C7|Am7b5|D7b9|Gm7|Bbm6|Fmaj7|Dm7|G7|G7|Eb7|Eb7|G7|Gm7,C7|F6|C7"
      }
    }
  ]
}