{
  "Title": "Detour Ahead",
  "Composer": "Herb Ellis",
  "Rhythm": "Ballad",
  "TimeSignature": "4/4",
  "Sections": [
    {
      "Label": "A",
      "MainSegment": {
        "Chords": "Cmaj7,F#7b9|B7alt|F,Em7,Am7,|D7,,Dm7,G7|Gm7,C7|Fmaj7,Bb7|Cmaj7,Am7"
      },
      "Endings": [
        {
          "Chords": "Ab7,G7"
        },
        {
          "Chords": "F#m7b5,B7b9"
        }
      ]
    },
    {
      "Label": "B",
      "MainSegment": {
        "Chords": "Em|B7alt|Emaj7|F#m7b5,B7b9|Em|B7alt|Emaj7|Db7"
      }
    },
    {
      "Label": "A",
      "MainSegment": {
        "Chords": "Cmaj7,F#7b9|B7alt|F,Em7,Am7,|D7,,Dm7,G7|Gm7,C7|Fmaj7,Bb7|Cmaj7,E7#9|Am7,Eb7|D7,G7|Cmaj7,G7#5"
      }
    }
  ]
}