{
  "Title": "Dewey Square",
  "Composer": "Charlie Parker",
  "Key": "Eb",
  "Rhythm": "Medium Up Swing",
  "TimeSignature": "4/4",
  "Sections": [
    {
      "Label": "A",
      "MainSegment": {
        "Chords": "Ebmaj7|Abm7|Eb7,Db7|C7|F7|Fm7,Bb7"
      },
      "Endings": [
        {
          "Chords": "Ebmaj7,C7|Fm7,Bb7"
        },
        {
          "Chords": "Ebmaj7|Bbm7,Eb7"
        }
      ]
    },
    {
      "Label": "B",
      "MainSegment": {
        "Chords": "Abmaj7|Abm7,Db7|Ebmaj7|C7|F7|F7|Fm7|Bb7"
      }
    },
    {
      "Label": "A",
      "MainSegment": {
        "Chords": "Ebmaj7|Abm7|Eb7,Db7|C7|F7|Fm7,Bb7|Ebmaj7,C7|Fm7,Bb7"
      }
    }
  ]
}