{
  "Title": "Diane",
  "Composer": "Rapee-pollack",
  "Key": "Eb",
  "Rhythm": "Medium Swing",
  "TimeSignature": "4/4",
  "Sections": [
    {
      "Label": "A",
      "MainSegment": {
        "Chords": "Fm7|Bb7|Ebmaj7,Ebmaj7/D|Cm7|Fm7|Bb7|Ebmaj7,Ab7|Gm7,C7"
      }
    },
    {
      "Label": "B",
      "MainSegment": {
        "Chords": "Fm7|Bb7|Am7b5|D7b13|Gmaj7|Am7,D7|Gmaj7,C7|Fm7,Bb7"
      }
    },
    {
      "Label": "A",
      "MainSegment": {
        "Chords": "Fm7|Bb7|Ebmaj7,Ebmaj7/D|Cm7|Fm7|Bb7|Ebmaj7,Ab7|Gm7,C7"
      }
    },
    {
      "Label": "B",
      "MainSegment": {
        "Chords": "Fm7|Bb7|Am7b5|D7b13|Gm7,C7|Fm7,Bb7|Eb6|Eb6"
      }
    }
  ]
}