{
  "Title": "Dinah",
  "Composer": "Harry Akst",
  "Key": "G",
  "Rhythm": "Medium Up Swing",
  "TimeSignature": "4/4",
  "Sections": [
    {
      "Label": "B",
      "MainSegment": {
        "Chords": "Gmaj7,Em7|Am7,D7|Gmaj7,Cmaj7|G/B,Em7|Am7|D7"
      },
      "Endings": [
        {
          "Chords": "G6,Bb07|Am7,D7"
        },
        {
          "Chords": "G6|F#m7b5,B7b9"
        }
      ]
    },
    {
      "Label": "A",
      "MainSegment": {
        "Chords": "Em|Em/D#|Em/D|A7/C#|Em7|A7|Am7|D7"
      }
    },
    {
      "Label": "v",
      "MainSegment": {
        "Chords": "Gmaj7,Em7|Am7,D7|Gmaj7,Cmaj7|G/B,Em7|Am7|D7|G6|Am7,D7"
      }
    }
  ]
}