{
  "Title": "Dindi",
  "Composer": "Antonio-Carlos Jobim",
  "Key": "Eb",
  "Rhythm": "Bossa Nova",
  "TimeSignature": "4/4",
  "Sections": [
    {
      "Label": "A",
      "Repeats": 1,
      "MainSegment": {
        "Chords": "Ebmaj7|Dbmaj7|Ebmaj7|Dbmaj7|Cmaj7|Am9|Dm9|G13"
      }
    },
    {
      "Label": "B",
      "MainSegment": {
        "Chords": "Ebmaj7|Dbmaj7|Ebmaj7|Bbm7,Eb7|Abmaj7|Abm/maj7"
      },
      "Endings": [
        {
          "Chords": "Eb6|Bbm7"
        },
        {
          "Chords": "Eb6|Am7b5,D7b9"
        }
      ]
    },
    {
      "Label": "A",
      "MainSegment": {
        "Chords": "Gm|Ebm6|Gm,Ebm6|Gm7,C7b9|Fm|C#m6|Fm,C#m6|Fm7,Bb7b9"
      }
    },
    {
      "MainSegment": {
        "Chords": "Ebmaj7|Dbmaj7|Ebmaj7|Bbm7,Eb7|Abmaj7|Abm/maj7|Eb6|Db7"
      }
    }
  ]
}