{
  "Title": "Django",
  "Composer": "John Lewis",
  "Key": "Fmin",
  "Rhythm": "Medium Swing",
  "TimeSignature": "4/4",
  "Sections": [
    {
      "Label": "v",
      "MainSegment": {
        "Chords": "Fm|Bbm|C7b9|Fm|F7b9|Bbm|Eb7b9|Ab6|Dbmaj7|Gm7b5|G7b9/F|C7b13/E"
      }
    },
    {
      "Label": "A",
      "Repeats": 1,
      "MainSegment": {
        "Chords": "Fm|Bbm|C7b9|Fm"
      }
    },
    {
      "Label": "B",
      "MainSegment": {
        "Chords": "Fm7,Dm7b5|G7b9,C7b9|F7b9,Bbm7|Eb7,Ab7"
      },
      "Endings": [
        {
          "Chords": "Db7,G7b9|C7b9"
        },
        {
          "Chords": "Db7,C7b9|Fm6"
        }
      ]
    },
    {
      "Label": "C",
      "MainSegment": {
        "Chords": "F7b9|Bbm6/F|F7b9|Bbm6/F|F7b9|Bbm6/F|F7b9,Bb07/F|F7b9"
      }
    },
    {
      "MainSegment": {
        "Chords": "Bbm7,Gm7b5|C7b9,F7b9|Bb7,Ebm7|Ab7,Db7|Gb7|Gb7|Db7|Db7|Gb7|Gb7|Db7|C7b9"
      }
    }
  ]
}