{
  "Title": "Do It Again",
  "Composer": "Gershwin-De Sylva",
  "Key": "F",
  "Rhythm": "Ballad",
  "TimeSignature": "4/4",
  "Sections": [
    {
      "Label": "A",
      "MainSegment": {
        "Chords": "F6|F6|F6|F6|F6,Faug|F,Dm|G7|G7"
      }
    },
    {
      "Label": "B",
      "MainSegment": {
        "Chords": ""
      },
      "Endings": [
        {
          "Chords": "C7,D7|Gm7,C7|Bb,,F,Cm6/Eb|D7|G7|G7|C7|C7"
        },
        {
          "Chords": "C7,D7|Gm7,Am7b5|D7|D7|G7|Gm7b5,C7|F6|Gm7,C7"
        }
      ]
    }
  ]
}