{
  "Title": "Do You Know What It Means?",
  "Composer": "Louis Alter",
  "Rhythm": "Medium Swing",
  "TimeSignature": "4/4",
  "Sections": [
    {
      "Label": "A",
      "MainSegment": {
        "Chords": "Cmaj7,G7#5|Cmaj7,Am7|Em7,Am7|D7|F6,F#07|C6/G,A7b9"
      },
      "Endings": [
        {
          "Chords": "Dm7,Ab7|G7"
        },
        {
          "Chords": "Dm7,G7|C6"
        }
      ]
    },
    {
      "Label": "B",
      "MainSegment": {
        "Chords": "Bbm7,Eb7|Ab6,A07|Bbm7,Eb7|Ab6|Am7,D7|Gmaj7,Em7|Am7,D7|Dm7,G7#5"
      }
    },
    {
      "Label": "A",
      "MainSegment": {
        "Chords": "Cmaj7,G7#5|Cmaj7,Am7|Em7,Am7|D7|F6,F#07|C6/G,A7b9|Dm7,G7|C6"
      }
    }
  ]
}