{
  "Title": "Dolores",
  "Composer": "Wayne Shorter",
  "Key": "Db",
  "Rhythm": "Up Tempo Swing",
  "TimeSignature": "4/4",
  "Sections": [
    {
      "Label": "A",
      "Repeats": 1,
      "MainSegment": {
        "Chords": "Dm7|Fm7,Bb7|Ebmaj7|Am7,D7|Gm7|Am7b5,D7#9|Dbmaj7|Dbmaj7"
      }
    },
    {
      "Label": "B",
      "MainSegment": {
        "Chords": "Gm7|Gm7,D7|Gm7|Gm7,D7|Gm7|A7"
      }
    },
    {
      "Label": "A",
      "Repeats": 1,
      "MainSegment": {
        "Chords": "Dm7|Fm7,Bb7|Ebmaj7|Am7,D7|Gm7|Am7b5,D7#9|Dbmaj7|Dbmaj7"
      }
    }
  ]
}