{
  "Title": "Dolphin Dance",
  "Composer": "Herbie Hancock",
  "Key": "Eb",
  "Rhythm": "Medium Swing",
  "TimeSignature": "4/4",
  "Sections": [
    {
      "Label": "i",
      "MainSegment": {
        "Chords": "Ebmaj7|Dbmaj7/Eb|Ebmaj7|Dm7b5,G7b9"
      }
    },
    {
      "Label": "A",
      "MainSegment": {
        "Chords": "Cm7|Abmaj7#11|Cm7|Am7,D7|Gmaj7|Abm7|Fm7|Fm7,G7#5|Cm7|Cm7|Am7|D7"
      }
    },
    {
      "Label": "B",
      "MainSegment": {
        "Chords": "Gmaj7|G7sus|A/G|Ebmaj7#11/G|F7sus|D/F|F7sus|Em7,A7"
      }
    },
    {
      "Label": "C",
      "MainSegment": {
        "Chords": "Eb7|Am7,D7|Bm7|E7,Dm7|C#m7|F#7"
      }
    },
    {
      "Label": "D",
      "MainSegment": {
        "Chords": "Dmaj7/E|Cmaj7/E|Dmaj7/E|Cmaj7/E|Dbmaj7/Eb|Bb13b9/Eb|Abmaj7#5/Eb|G7#5"
      }
    }
  ]
}