{
  "Title": "Domingo",
  "Composer": "Benny Golson",
  "Key": "Cmin",
  "Rhythm": "Up Tempo Swing",
  "TimeSignature": "4/4",
  "Sections": [
    {
      "Label": "A",
      "MainSegment": {
        "Chords": "Cm|Cm|G7/B|G7/B|Bbm6|Bbm6|F/A|Abm6|Cm|Cm|D7|Dm7b5,G7b9"
      },
      "Endings": [
        {
          "Chords": "Cm|Eb7|Ab7|G7b9"
        },
        {
          "Chords": "Cm|Dm7|Ebm7|Em7,A7"
        }
      ]
    },
    {
      "Label": "B",
      "MainSegment": {
        "Chords": "Fm7|Bb7|Ebmaj7|Abmaj7|Am7b5|D7b9|Gm7,Ab7|Dm7b5,G7b9"
      }
    }
  ]
}