{
  "Title": "Don't Blame Me",
  "Composer": "Jimmy McHugh",
  "Rhythm": "Ballad",
  "TimeSignature": "4/4",
  "Sections": [
    {
      "Label": "A",
      "MainSegment": {
        "Chords": "Cmaj7,Em7b5|A7b13|Dm7b5,G13b9|Cmaj7,Am7|Dm7b5,G13b9|Em7b5,A7b13|Dm7,G7"
      },
      "Endings": [
        {
          "Chords": "Cmaj7,G7"
        },
        {
          "Chords": "C6,C7"
        }
      ]
    },
    {
      "Label": "B",
      "MainSegment": {
        "Chords": "Fmaj7|E7|Am7|Am7|D7|D7|Dm7,Ab7#11|G7"
      }
    },
    {
      "Label": "A",
      "MainSegment": {
        "Chords": "Cmaj7,Em7b5|A7b13|Dm7b5,G13b9|Cmaj7,Am7|Dm7b5,G13b9|Em7b5,A7b13|Dm7,G7|C6,G7"
      }
    }
  ]
}