{
  "Title": "Don't Go To Strangers",
  "Composer": "Kent-Mason-Evans",
  "Key": "Bb",
  "Rhythm": "Ballad",
  "TimeSignature": "4/4",
  "Sections": [
    {
      "Label": "A",
      "MainSegment": {
        "Chords": "Bbmaj7|Eb7#11|Bbmaj7|Dm7,G7b9|Cm7b5|F7b9"
      },
      "Endings": [
        {
          "Chords": "Dm7,G7|Cm7,F7"
        },
        {
          "Chords": "Bb6,F7|Bb6"
        }
      ]
    },
    {
      "Label": "B",
      "MainSegment": {
        "Chords": "Fm7,Bb7|Fm7,Bb7|Ebmaj7,Bb7|Ebmaj7|Gm7,C7|Gm7,C7|C7|F7"
      }
    },
    {
      "Label": "A",
      "MainSegment": {
        "Chords": "Bbmaj7|Eb7#11|Bbmaj7|Dm7,G7b9|Cm7b5|F7b9|Bb6,F7|Bb6"
      }
    }
  ]
}