{
  "Title": "Don't Be That Way",
  "Composer": "Edgar Sampson",
  "Key": "Db",
  "Rhythm": "Medium Swing",
  "TimeSignature": "4/4",
  "Sections": [
    {
      "Label": "A",
      "MainSegment": {
        "Chords": "Db6,Bbm7|Ebm7,Ab7#5|Db6,Bbm7|Ebm7,Ab7#5|Fm7,Bb7|Ebm7,Ab9#5"
      },
      "Endings": [
        {
          "Chords": "Db6,Bbm7|Ebm7,Ab7#5"
        },
        {
          "Chords": "Db6,Gbm6|Db6"
        }
      ]
    },
    {
      "Label": "B",
      "MainSegment": {
        "Chords": "C9|C9|F9|F9|Bb9|Bb9|Eb9|Ab7#5"
      }
    },
    {
      "Label": "A",
      "MainSegment": {
        "Chords": "Db6,Bbm7|Ebm7,Ab7#5|Db6,Bbm7|Ebm7,Ab7#5|Fm7,Bb7|Ebm7,Ab7#5|Db6,Bbm7|Ebm7,Ab7#5"
      }
    }
  ]
}