{
  "Title": "Don't Explain",
  "Composer": "Billie Holiday",
  "Key": "Dmin",
  "Rhythm": "Ballad",
  "TimeSignature": "4/4",
  "Sections": [
    {
      "Label": "A",
      "Repeats": 1,
      "MainSegment": {
        "Chords": "Dm|Em7b5,A7b9|Dm|Em7b5,A7b9|Eb7#11|Db7#11,,Gm7,C7|Fmaj7|Em7b5,A7b9"
      }
    },
    {
      "Label": "B",
      "MainSegment": {
        "Chords": "Dm,Gm7|C7,Fmaj7|Bbmaj7,Em7b5|Bb7,A7b9|Dm,Gm7|C7,Fmaj7|Bbmaj7,Em7b5|Bb7,A7b9"
      }
    },
    {
      "Label": "A",
      "MainSegment": {
        "Chords": "Dm|Em7b5,A7b9|Dm|Em7b5,A7b9|Eb7#11|Db7#11,,Gm7,C7|Fmaj7|Em7b5,A7b9"
      }
    }
  ]
}