{
  "Title": "Down In The Depths",
  "Composer": "Cole Porter",
  "Key": "G",
  "Rhythm": "Medium Swing",
  "Sections": [
    {
      "Label": "A",
      "MainSegment": {
        "Chords": "Gmaj7|Gmaj7|Gmaj7|Gmaj7|Gmaj7|Bm7,E7|Am7|D7|Am7|D7|Am7|D7|Am7|D7"
      },
      "Endings": [
        {
          "Chords": "G6,Em7|Am7,D7"
        },
        {
          "Chords": "G6,D7|G6"
        }
      ]
    },
    {
      "Label": "B",
      "MainSegment": {
        "Chords": "Dm7|G7|Dm7|G7|Dm7|G7|Cmaj7|Cmaj7|F#m7b5|B7b9|E7|A7|Am7b5|D7b9|Gmaj7|Gmaj7|Bm7b5|E7b9|Am7|Cm6,F7|G6,Em7|Am7,D7"
      }
    }
  ]
}