{
  "Title": "Dream A Little Dream Of Me",
  "Composer": "Schwendt-Andre-Kahn",
  "Key": "G",
  "Rhythm": "Ballad",
  "TimeSignature": "4/4",
  "Sections": [
    {
      "Label": "A",
      "MainSegment": {
        "Chords": "G6|Eb7,D7|G6|E7b9|Am7|Cm6,F9"
      },
      "Endings": [
        {
          "Chords": "Gmaj7,Em7|Am7,D7"
        }
      ]
    },
    {
      "MainSegment": {
        "Chords": "Gmaj7,,Eb7,D7|G6,,Fm7,Bb7"
      }
    },
    {
      "Label": "B",
      "MainSegment": {
        "Chords": "Eb6,Cm7|Fm7,Bb7|Eb6,Cm7|Fm7,Bb7|Eb6,Cm7|Fm7,Bb7|Eb6,Cm7|Am7,D7"
      }
    },
    {
      "Label": "A",
      "MainSegment": {
        "Chords": "G6|Eb7,D7|G6|E7b9|Am7|Cm6,F9|Gmaj7,,Eb7,D7|G6,D7"
      }
    }
  ]
}