{
  "Title": "Driftin'",
  "Composer": "Herbie Hancock",
  "Key": "Eb",
  "Rhythm": "Medium Swing",
  "TimeSignature": "4/4",
  "Sections": [
    {
      "Label": "A",
      "MainSegment": {
        "Chords": "Eb7,G7|Ab7,G7|Cm7,Bbm7|Am7b5,Ab7|Gm7|C7"
      },
      "Endings": [
        {
          "Chords": "Fm7|Bb7b9"
        },
        {
          "Chords": "Fm7,Bb7|Eb,A13#11"
        }
      ]
    },
    {
      "Label": "B",
      "MainSegment": {
        "Chords": "Ab7|Ab7|Eb7|Eb7,(G7)|Cm7(Cm7),Cm/maj7|Cm7(F7),F7|Fm7|Bb7"
      }
    },
    {
      "Label": "A",
      "MainSegment": {
        "Chords": "Eb7,G7|Ab7,G7|Cm7,Bbm7|Am7b5,Ab7|Gm7|C7|Fm7,Bb7|Eb,Bb7"
      }
    },
    {
      "MainSegment": {
        "Chords": "Eb,C7"
      }
    },
    {
      "Repeats": 1,
      "MainSegment": {
        "Chords": "Fm7,Bb7|Eb7,C7"
      }
    }
  ]
}