{
  "Title": "Duke, The",
  "Composer": "Dave Brubeck",
  "Rhythm": "Medium Swing",
  "TimeSignature": "4/4",
  "Sections": [
    {
      "Label": "A",
      "Repeats": 1,
      "MainSegment": {
        "Chords": "Cmaj7,Fmaj7|Em7/G,Am7,B7,|Em7,Am7|Dm7,,Fm7,Bb7|Ebmaj7,Dbmaj7|Cm7,Bm7|Bbm7,Eb7,Abmaj7,|D7,Db7,Cmaj7,"
      }
    },
    {
      "Label": "B",
      "MainSegment": {
        "Chords": "Fmaj7,E7|D7,Cmaj7|Bbm7,Abmaj7|G7b9,Fm7|Dm7b5,G7,Cm7,|Cm7b5,F7,Bbm7,|Ab/C,Bbm7,Ab6,Gm7b5|Fm7,Ebsus,Db7#11,"
      }
    },
    {
      "Label": "A",
      "MainSegment": {
        "Chords": "Cmaj7,Fmaj7|Em7/G,Am7,B7,|Em7,Am7|Dm7,,Fm7,Bb7|Ebmaj7,Dbmaj7|Cm7,Bm7|Bbm7,Eb7,Abmaj7,|D7,Db7,Cmaj7,"
      }
    }
  ]
}