{
  "Title": "Easter Parade",
  "Composer": "Irving Berlin",
  "Key": "Bb",
  "Rhythm": "Medium Swing",
  "TimeSignature": "4/4",
  "Sections": [
    {
      "Label": "A",
      "MainSegment": {
        "Chords": "Bbmaj7,F7|Bb7|Ebmaj7|Cm7,C#07|Bbmaj7,F7|Bbmaj7,Gm7"
      },
      "Endings": [
        {
          "Chords": "C7|Cm7,F7"
        },
        {
          "Chords": "C7,F7|Bb6"
        }
      ]
    },
    {
      "Label": "B",
      "MainSegment": {
        "Chords": "Bb7|Bb7|Eb6|Eb6|Gm7|C7|F6,Eb6|Dm7,F7"
      }
    },
    {
      "Label": "A",
      "MainSegment": {
        "Chords": "Bbmaj7,F7|Bb7|Ebmaj7|Cm7,C#07|Bbmaj7,F7|Bbmaj7,Gm7|C7,F7|Bb6,,Cm7,F7"
      }
    }
  ]
}