{
  "Title": "East St. Louis Toodle-oo",
  "Composer": "Ellington-Milley",
  "Key": "Cmin",
  "Rhythm": "Medium Swing",
  "TimeSignature": "4/4",
  "Sections": [
    {
      "Label": "A",
      "MainSegment": {
        "Chords": "Cm,Cm/Eb|Fm6/D,Fm6|Cm/Eb,Cm/G|Fm6,Fm6/Ab|Cm/G,Cm/Eb|Fm6,G7b9/D|Cm,Ab7|G7b9"
      }
    },
    {
      "Label": "A",
      "MainSegment": {
        "Chords": "Cm,Cm/Eb|Fm6/D,Fm6|Cm/Eb,Cm/G|Fm6,Fm6/Ab|Cm/G,Cm/Eb|Fm6,G7b9/D|Cm,B07|Bbm7,Eb7"
      }
    },
    {
      "Label": "B",
      "MainSegment": {
        "Chords": "Ab6|Bbm7,Eb7|Ab6|Abm6|Eb6,Gm7/D|C7|B7,Bb7,A7,|Ab7,G7"
      }
    },
    {
      "Label": "A",
      "MainSegment": {
        "Chords": "Cm,Cm/Eb|Fm6/D,Fm6|Cm/Eb,Cm/G|Fm6,Fm6/Ab|Cm/G,Cm/Eb|Fm6,G7b9/D|Cm|G7b9"
      }
    }
  ]
}