{
  "Title": "Easy To Love",
  "Composer": "Cole Porter",
  "Key": "G",
  "Rhythm": "Medium Swing",
  "TimeSignature": "4/4",
  "Sections": [
    {
      "Label": "A",
      "MainSegment": {
        "Chords": "Am7|Bm7b5,E7b9|Am7|D7|Gmaj7|C7|Bm7|E7b9"
      }
    },
    {
      "Label": "B",
      "MainSegment": {
        "Chords": "Am7|D7|Gmaj7,C7|Bm7,E7b9|Am7|D7|Gmaj7,C7|Bm7,E7b9"
      }
    },
    {
      "Label": "A",
      "MainSegment": {
        "Chords": "Am7|Bm7b5,E7b9|Am7|D7|Gmaj7|C7|Bm7|E7b9"
      }
    },
    {
      "Label": "C",
      "MainSegment": {
        "Chords": "Am7|Cm6,F7|Gmaj7,C7|Bm7,Bb07|Am7|D7|G6|Bm7,E7b9"
      }
    }
  ]
}