{
  "Title": "Easy Street",
  "Composer": "Alan Jones",
  "Key": "Eb",
  "Rhythm": "Medium Swing",
  "TimeSignature": "4/4",
  "Sections": [
    {
      "Label": "A",
      "MainSegment": {
        "Chords": "Ebmaj7,C7|Fm7,G7b13|Cm7,,Bbm7,Eb7|Abm7,Bb7|Gm7,C7|Fm7,Bb7"
      },
      "Endings": [
        {
          "Chords": "Ebmaj7,Cm7|Fm7,Bb7"
        },
        {
          "Chords": "Ebmaj7|Bbm7,Eb7"
        }
      ]
    },
    {
      "Label": "B",
      "MainSegment": {
        "Chords": "Abmaj7|Abm7,Db7|Ebmaj7|Bbm7,Eb7|Abmaj7|Abm7,Db7|Ebmaj7,F7|Fm7,Bb7#5"
      }
    },
    {
      "Label": "A",
      "MainSegment": {
        "Chords": "Ebmaj7,C7|Fm7,G7b13|Cm7,,Bbm7,Eb7|Abm7,Bb7|Gm7,C7|B7,Bb7#5|Ebmaj7,Ab7|Eb6,,Fm7,Bb7"
      }
    }
  ]
}