{
  "Title": "Eiderdown",
  "Composer": "Steve Swallow",
  "Key": "Gmin",
  "Rhythm": "Medium Swing",
  "TimeSignature": "4/4",
  "Sections": [
    {
      "Label": "A",
      "Repeats": 1,
      "MainSegment": {
        "Chords": "B7alt|B7alt|Em7|Em7|Cm7|Cm7|Gm7|Gm7"
      }
    },
    {
      "Label": "B",
      "MainSegment": {
        "Chords": "Gm7|C7|Fmaj7|Fmaj7|Fm7|Bb7|Ebmaj7|Ebmaj7"
      }
    },
    {
      "Label": "C",
      "MainSegment": {
        "Chords": "Em7b5|Ebm6|Dm7,G7#9|Gm7,C7|Fmaj7|Dm7|Gm7|C7"
      }
    },
    {
      "Label": "A",
      "MainSegment": {
        "Chords": "B7alt|B7alt|Em7|Em7|Cm7|Cm7|Gm7|Gm7"
      }
    }
  ]
}