{
  "Title": "Elora",
  "Composer": "J.J. Johnson",
  "Key": "Bb",
  "Rhythm": "Medium Swing",
  "TimeSignature": "4/4",
  "Sections": [
    {
      "Label": "A",
      "MainSegment": {
        "Chords": "Cm7|F7|Bbmaj7,Ebmaj7|Dm7,Db7|Cm7,G7b9|Cm7,F7"
      },
      "Endings": [
        {
          "Chords": "Bbmaj7|Dm7b5,Db7"
        },
        {
          "Chords": "Bbmaj7|Fm7,Bb7"
        }
      ]
    },
    {
      "Label": "B",
      "MainSegment": {
        "Chords": "Ebmaj7|Ebm7|Bbmaj7|Am7b5,D7b9|Gm7|C7|Cm7|F7"
      }
    },
    {
      "Label": "A",
      "MainSegment": {
        "Chords": "Cm7|F7|Bbmaj7,Ebmaj7|Dm7,Db7|Cm7,G7b9|Cm7,F7|Bbmaj7|Dm7b5,Db7"
      }
    }
  ]
}