{
  "Title": "Embraceable You",
  "Composer": "George Gershwin",
  "Key": "G",
  "Rhythm": "Ballad",
  "TimeSignature": "4/4",
  "Sections": [
    {
      "Label": "A",
      "MainSegment": {
        "Chords": "Gmaj7|Bb07|Am7|D7|Am7|Cm6|Gmaj7|F#m7b5,B7b9"
      }
    },
    {
      "Label": "B",
      "MainSegment": {
        "Chords": "Em,Em/D|C#m7b5,F#7#5|Bm7|Em7,A7|Dmaj7,Bm7|Em7,A7|Am7|D7"
      }
    },
    {
      "Label": "A",
      "MainSegment": {
        "Chords": "Gmaj7|Bb07|Am7|D7|Am7|Cm6|Gmaj7|Dm7,G7"
      }
    },
    {
      "Label": "C",
      "MainSegment": {
        "Chords": "Cmaj7|F#m7b5,B7b9|Em7,Em7/D|C#m7b5,Cm6|Bm7,E7|Am7b5,D7b9|Gmaj7|Am7,D7"
      }
    }
  ]
}