{
  "Title": "Emily",
  "Composer": "Johnny Mandel",
  "Key": "G",
  "Rhythm": "Waltz",
  "TimeSignature": "3/4",
  "Sections": [
    {
      "Label": "A",
      "MainSegment": {
        "Chords": "Gmaj7|Em7|Am7|D7|Gmaj7|G7|Cmaj7|F7"
      }
    },
    {
      "Label": "B",
      "MainSegment": {
        "Chords": "Emaj7|C#m7|F#m7|B7b9|Em7|A7|Am7|D7#5"
      }
    },
    {
      "Label": "A",
      "MainSegment": {
        "Chords": "Gmaj7|Em7|Am7|D7|Gmaj7|G7|Cmaj7|B7"
      }
    },
    {
      "Label": "C",
      "MainSegment": {
        "Chords": "Em7|F#7b13|Bm7|E7|Am7|D7|Bm7b5|E7b9|C#m7b5|Cm6|Bm7|E7b9|Am7|D7|Gmaj7|D7"
      }
    }
  ]
}