{
  "Title": "End Of A Love Affair, The",
  "Composer": "Edward Redding",
  "Key": "F",
  "Rhythm": "Ballad",
  "TimeSignature": "4/4",
  "Sections": [
    {
      "Label": "A",
      "Repeats": 1,
      "MainSegment": {
        "Chords": "Gm7,C7|Fmaj7|Fm7,Bb7|Ebmaj7|Ebm7,Ab7|Ebm7,Ab7|Dbmaj7,,Gm7,C7|Fmaj7"
      }
    },
    {
      "Label": "B",
      "MainSegment": {
        "Chords": "Dm7,G7|Dm7,G7|Dm7,G7|Dm7,G7|Cmaj7|Am7,D7|Dm7,G7|Gm7,C7"
      }
    },
    {
      "Label": "A",
      "MainSegment": {
        "Chords": "Gm7,C7|Fmaj7|Fm7,Bb7|Ebmaj7|Ebm7,Ab7|Ebm7,Ab7|Dbmaj7,,Gm7,C7|Cm7,F7"
      }
    },
    {
      "Label": "C",
      "MainSegment": {
        "Chords": "Bbmaj7|Bbm6,Eb7|Fmaj7|Ab07|Gm7,F#07|Gm7,C7|F6|F6"
      }
    }
  ]
}