{
  "Title": "Epistrophy",
  "Composer": "Thelonious Monk, Kenny Clarke",
  "Key": "Db",
  "Rhythm": "Medium Swing",
  "TimeSignature": "4/4",
  "Sections": [
    {
      "Label": "A",
      "MainSegment": {
        "Chords": "Db7,D7|Db7,D7|Db7,D7|Db7,D7|Eb7,E7|Eb7,E7|Eb7,E7|Eb7,E7"
      }
    },
    {
      "Label": "B",
      "MainSegment": {
        "Chords": "Eb7,E7|Eb7,E7|Eb7,E7|Eb7,E7|Db7,D7|Db7,D7|Db7,D7|Db7,D7"
      }
    },
    {
      "Label": "C",
      "MainSegment": {
        "Chords": "F#m6|F#m6|F#m6|F#m6|B7|B7|Db7|D7"
      }
    },
    {
      "Label": "B",
      "MainSegment": {
        "Chords": "Eb7,E7|Eb7,E7|Eb7,E7|Eb7,E7|Db7,D7|Db7,D7|Db7,D7|Db7,D7"
      }
    }
  ]
}