{
  "Title": "Eronel",
  "Composer": "Thelonious Monk",
  "Key": "G",
  "Rhythm": "Medium Swing",
  "TimeSignature": "4/4",
  "Sections": [
    {
      "Label": "A",
      "MainSegment": {
        "Chords": "Gmaj7,Gmaj7/A|Bm7,E7b5|Bbm/maj7|Bbm/maj7,Eb7#11|Am7|Cm7,F7"
      },
      "Endings": [
        {
          "Chords": "Am7,Ab7|G6,Ab6"
        },
        {
          "Chords": "Am7,Ab7|Gmaj7"
        }
      ]
    },
    {
      "Label": "B",
      "MainSegment": {
        "Chords": "Dm7,G7#11|Dm7,Db9|G7|C7|Cm7|F7|Bm7,Bb7|Ebmaj7,Ab7#11"
      }
    },
    {
      "Label": "A",
      "MainSegment": {
        "Chords": "Gmaj7,Gmaj7/A|Bm7,E7b5|Bbm/maj7|Bbm/maj7,Eb7#11|Am7|Cm7,F7|Am7,Ab7|Gmaj7"
      }
    }
  ]
}