{
  "Title": "Everything I Have Is Yours",
  "Composer": "Burton Lane",
  "Rhythm": "Ballad",
  "TimeSignature": "4/4",
  "Sections": [
    {
      "Label": "A",
      "MainSegment": {
        "Chords": "Cmaj7|Ebm7,Ab7|Dm7,G7|Dm7,G7#5|Cmaj7|Ebm7,Ab7|Dm7,G7|Bm7b5,E7b9"
      }
    },
    {
      "Label": "B",
      "MainSegment": {
        "Chords": "Am|Am/maj7/G#|Am7/G|D7/F#|Em7|A7|Am7,D7|Dm7,G7"
      }
    },
    {
      "Label": "A",
      "MainSegment": {
        "Chords": "Cmaj7|Ebm7,Ab7|Dm7,G7|Dm7,G7#5|Cmaj7|Gm7,C7|Fmaj7|Bm7b5,E7b9"
      }
    },
    {
      "Label": "C",
      "MainSegment": {
        "Chords": "Am|Am/maj7/G#|Am7/G|D7/F#,Fm6|Cmaj7|Ebm7,Ab7|Dm7,G7|C6,,Dm7,G7"
      }
    }
  ]
}