{
  "Title": "Everybody's Song But My Own",
  "Composer": "Kenny Wheeler",
  "Key": "Cmin",
  "Rhythm": "Waltz",
  "TimeSignature": "3/4",
  "Sections": [
    {
      "Label": "A",
      "MainSegment": {
        "Chords": "Fm9/Bb|G7b13/B|Cm11|Ebmaj7/Bb|Am7b5|D7#9"
      },
      "Endings": [
        {
          "Chords": "Gm11|Bmaj7/Bb"
        },
        {
          "Chords": "Gm11,Bbmaj7/F|Em7b5,A7#5#9"
        }
      ]
    },
    {
      "Label": "B",
      "MainSegment": {
        "Chords": "Dmaj9|Em7/A|Dmaj9|Em7/A|Dmaj9|C#m7b5,F#7b9|Bm11|Bm9/A|G#m7b5|C#7b9|F#maj7#11|Gm11/C|Fmaj9|F#m11/B"
      }
    },
    {
      "Label": "A",
      "MainSegment": {
        "Chords": "Fm9/Bb|G7b13/B|Cm11|Ebmaj7/Bb|Am7b5|D7#9|Gm11,Bbmaj7/F|Em7b5,A7#5#9|Dm11|Dbmaj7#11|Cm11|F#m9,B13#11"
      }
    },
    {
      "Label": "C",
      "Repeats": 1,
      "MainSegment": {
        "Chords": "Bbmaj9|Bmaj7/Bb|Bbmaj9|Bmaj7/Bb"
      }
    },
    {
      "MainSegment": {
        "Chords": "Emaj7#11|Ebm11"
      }
    }
  ]
}