{
  "Title": "Everything Happens To Me",
  "Composer": "Matt Dennis",
  "Key": "Bb",
  "Rhythm": "Ballad",
  "TimeSignature": "4/4",
  "Sections": [
    {
      "Label": "A",
      "MainSegment": {
        "Chords": "Cm7,F7|Dm7,Db07|Cm7,F7|Dm7b5,G7|B07,Cm7,Ebm7,Ab7|Dm7,G7|Cm7,F7"
      },
      "Endings": [
        {
          "Chords": "Dm7,G7"
        },
        {
          "Chords": "Bb6"
        }
      ]
    },
    {
      "Label": "B",
      "MainSegment": {
        "Chords": "Fm7,Bb7#9|Ebmaj7,Cm7|Fm7,Bb7b9|Ebmaj7|Em7,A7#9|Dmaj7|Gm7,C7|Cm7,F7"
      }
    },
    {
      "Label": "A",
      "MainSegment": {
        "Chords": "Cm7,F7|Dm7,Db07|Cm7,F7|Dm7b5,G7|B07,Cm7,Ebm7,Ab7|Dm7,G7|Cm7,F7|Bb6"
      }
    }
  ]
}