{
  "Title": "Everything I Love",
  "Composer": "Cole Porter",
  "Key": "F",
  "Rhythm": "Medium Swing",
  "TimeSignature": "4/4",
  "Sections": [
    {
      "Label": "A",
      "MainSegment": {
        "Chords": "Fmaj7|B7#11|Bbmaj7|Am7,D7|Gm7|C7|Am7,D7|Gm7,C7|F6|Ab7|Gm7|Am7,D7|Bbm7|Eb7|Abmaj7|Gm7,C7"
      }
    },
    {
      "Label": "B",
      "MainSegment": {
        "Chords": "Fmaj7|B7#11|Bbmaj7|Am7,D7|Bm7b5|E7b9|A7|A7|Dm7,Dbm7|Cm7,F7|Bbmaj7,D7#5|Gm7,G#07|Am7,D7|Gm7,C7|F6|F6"
      }
    }
  ]
}