{
  "Title": "Exactly Like You",
  "Composer": "Jimmy McHugh",
  "Rhythm": "Medium Swing",
  "TimeSignature": "4/4",
  "Sections": [
    {
      "Label": "A",
      "MainSegment": {
        "Chords": "C6|C6|D7|D7|G7|G7"
      },
      "Endings": [
        {
          "Chords": "C6|Dm7,G7"
        },
        {
          "Chords": "C6|C7"
        }
      ]
    },
    {
      "Label": "B",
      "MainSegment": {
        "Chords": "Fmaj7|Bb7|C6|Am7|Dm7|Fm6,G7|Em7,Eb07|Dm7,G7"
      }
    },
    {
      "Label": "A",
      "MainSegment": {
        "Chords": "C6|C6|D7|D7|G7|G7|C6|Dm7,G7"
      }
    }
  ]
}