{
  "Title": "Eye of the Hurricane",
  "Composer": "Herbie Hancock",
  "Key": "Fmin",
  "Rhythm": "Up Tempo Swing",
  "TimeSignature": "4/4",
  "Sections": [
    {
      "Label": "A",
      "MainSegment": {
        "Chords": "Fm6,Bb6|Eb7sus,Ab7sus|Dbmaj7,C7||Gbm7,Bbm||Eb7#9/F|Eb7#9/F|Eb7#9/F|Eb7#9/F||Fm7|Fm7"
      }
    },
    {
      "Label": "B",
      "MainSegment": {
        "Chords": "Fm6,Bb6|Eb7sus,Ab7sus|Dbmaj7,C7||Amaj7#11,Cmaj7||Eb7#9/F|Eb7#9/F|Eb7#9/F|Eb7#9/F|||Fm7|Fm7"
      }
    }
  ]
}