{
  "Title": "Falling In Love Again",
  "Composer": "Frederick Hollander",
  "Rhythm": "Waltz",
  "TimeSignature": "3/4",
  "Sections": [
    {
      "Label": "A",
      "MainSegment": {
        "Chords": "Cmaj7,C7|Fmaj7,Dm7b5|Cmaj7,Em7b5/Bb|A7|Dm7|G7|C6"
      },
      "Endings": [
        {
          "Chords": "Dm7,G7"
        },
        {
          "Chords": "F#m7b5,B7"
        }
      ]
    },
    {
      "Label": "B",
      "MainSegment": {
        "Chords": "E7|Bm7b5,E7|Am7|Am7|D7|Am7,D7|Dm7|G7"
      }
    },
    {
      "Label": "A",
      "MainSegment": {
        "Chords": "Cmaj7,C7|Fmaj7,Dm7b5|Cmaj7,Em7b5/Bb|A7|Dm7|G7|C6|Dm7,G7"
      }
    }
  ]
}