{
  "Title": "Fascinating Rhythm",
  "Composer": "George Gershwin",
  "Key": "F",
  "Rhythm": "Medium Up Swing",
  "TimeSignature": "4/4",
  "Sections": [
    {
      "Label": "A",
      "MainSegment": {
        "Chords": "Fm,Fm/Eb|Dm7b5,Db7|Fm/C,B07|Bb7,,Fm/Ab,C7/G|Fm,Fm/Eb|Dm7b5,Db7|Fm/C,C7b13|F6|Cm,Cm/Bb|Am7b5,Ab7|Cm/G,F#07|F7,,Cm/Eb,G7/D|Cm,Cm/Bb|Am7b5,Fm/Ab|G7|C7"
      }
    },
    {
      "Label": "B",
      "MainSegment": {
        "Chords": "C7(Gm7),(C7)|C7(Gm7),(C7)|C7(Gm7),(C7)|C7(Gm7),(C7)|F7(Cm7),(F7)|F7(Cm7),(F7)|F7(Cm7),(F7)|F7(Cm7),(F7)"
      },
      "Endings": [
        {
          "Chords": "Bb6|Gm7,C7|F6|Em7b5,A7b9|Dm7|G7|Gm7|C7"
        },
        {
          "Chords": "Bb6|Em7b5,A7b9|Dm7|G7|Gm7(Gm7),(C7)|C7(Gm7),(C7)|F6|F6"
        }
      ]
    }
  ]
}