{
  "Title": "Fascination",
  "Composer": "Fernando-Dante Marchetti",
  "Rhythm": "Waltz",
  "TimeSignature": "3/4",
  "Sections": [
    {
      "Label": "A",
      "MainSegment": {
        "Chords": "C6|Eb07|Cmaj7|Cmaj7|Cmaj7|Eb07|Dm7|G7"
      }
    },
    {
      "Label": "B",
      "MainSegment": {
        "Chords": "Dm7|Dm7|Dm7|Dm7|Dm7|Dm7|Ab7|G7"
      }
    },
    {
      "Label": "A",
      "MainSegment": {
        "Chords": "C6|Eb07|Cmaj7|Cmaj7|Cmaj7|Eb07|Dm7|G7"
      }
    },
    {
      "Label": "C",
      "MainSegment": {
        "Chords": "Dm7|Dm7|G7|G7|Dm7|G7|C6|G7sus"
      }
    }
  ]
}