{
  "Title": "Favela",
  "Composer": "Antonio-Carlos Jobim",
  "Key": "Gmin",
  "Rhythm": "Bossa Nova",
  "TimeSignature": "3/4",
  "Sections": [
    {
      "Label": "A",
      "MainSegment": {
        "Chords": "Gm7|F/G|Gm7|F/G|Gm7|F/G|Gm7|Gm7|Cm7|F7|Bbmaj7|Bb7|Em7b5,Ebm6|Gm7,Dm7|Gm7|Gm7"
      }
    },
    {
      "Label": "B",
      "MainSegment": {
        "Chords": "Cm7|Gm7|Cm7|Gm7|Cm7|Gm7|Eb7#9,D7#9|C7#9"
      }
    },
    {
      "Label": "A",
      "MainSegment": {
        "Chords": "Gm7|F/G|Gm7|F/G|Gm7|F/G|Gm7|Gm7|Cm7|F7|Bbmaj7|Bb7|Em7b5,Ebm6|Gm7,Dm7|Gm7|Gm7"
      }
    }
  ]
}