{
  "Title": "Five Brothers",
  "Composer": "Gerry Mulligan",
  "Rhythm": "Medium Up Swing",
  "TimeSignature": "4/4",
  "Sections": [
    {
      "Label": "A",
      "MainSegment": {
        "Chords": "Cmaj7,Am7|Dm7,G7|Cmaj7,Am7|Dm7,G7|Gm7,C7|Fmaj7,Bb7"
      },
      "Endings": [
        {
          "Chords": "Cmaj7,Eb7|Dm7,G7"
        },
        {
          "Chords": "Dm7,Db7|Cmaj7,B7"
        }
      ]
    },
    {
      "Label": "B",
      "MainSegment": {
        "Chords": "Emaj7|Fm7,Bb7|Ebmaj7|Em7,A7|Dmaj7|Ebm7,Ab7|Dbmaj7|Dm7,Db7"
      }
    },
    {
      "Label": "A",
      "MainSegment": {
        "Chords": "Cmaj7,Am7|Dm7,G7|Cmaj7,Am7|Dm7,G7"
      }
    },
    {
      "MainSegment": {
        "Chords": "Gm7,C7|Fmaj7,Bb7|Dm7,Db7|Cmaj7"
      }
    }
  ]
}