{
  "Title": "Flamingo",
  "Composer": "Ted Grouya",
  "Key": "F",
  "Rhythm": "Ballad",
  "TimeSignature": "4/4",
  "Sections": [
    {
      "Label": "A",
      "MainSegment": {
        "Chords": "Fmaj7,Dm7|Gm7,C7|Fm7|Bb7|Db7|Gm7,C7"
      },
      "Endings": [
        {
          "Chords": "Fmaj7,D7|Gm7,C7"
        },
        {
          "Chords": "F6,Bbm6|F6"
        }
      ]
    },
    {
      "Label": "B",
      "MainSegment": {
        "Chords": "Bbm7|Eb7|Abmaj7|A07|Bbm7|Eb7|Gm7|C7"
      }
    },
    {
      "Label": "A",
      "MainSegment": {
        "Chords": "Fmaj7,Dm7|Gm7,C7|Fm7|Bb7|Db7|Gm7,C7|Fmaj7,D7|Gm7,C7"
      }
    }
  ]
}