{
  "Title": "Flat Foot Floogee",
  "Composer": "Gaillard-Stuart-Green",
  "Key": "F",
  "Rhythm": "Slow Swing",
  "TimeSignature": "4/4",
  "Sections": [
    {
      "Label": "A",
      "MainSegment": {
        "Chords": "F6,Dm7|Gm7,C7|F6,Dm7|Gm7,C7|F6,F7/A|Bb,B07|F/C,C7"
      },
      "Endings": [
        {
          "Chords": "F6,C7"
        },
        {
          "Chords": "F6"
        }
      ]
    },
    {
      "Label": "B",
      "MainSegment": {
        "Chords": "F7|F7|Bb6|Bb6|G7|G7|C6|Gm7,C7"
      }
    },
    {
      "Label": "A",
      "MainSegment": {
        "Chords": "F6,Dm7|Gm7,C7|F6,Dm7|Gm7,C7|F6,F7/A|Bb,B07|F/C,C7|F6,C7"
      }
    }
  ]
}