{
  "Title": "Flintstones",
  "Composer": "Hoyt Curtain",
  "Key": "Bb",
  "Rhythm": "Up Tempo Swing",
  "TimeSignature": "4/4",
  "Sections": [
    {
      "Label": "A",
      "MainSegment": {
        "Chords": "Bbmaj7,G7|Cm7,F7|Bbmaj7,G7|Cm7,F7|Bb7|Eb7,Ab7"
      },
      "Endings": [
        {
          "Chords": "Bb6|Cm7,F7"
        },
        {
          "Chords": "Bb6|Bb6"
        }
      ]
    },
    {
      "Label": "B",
      "MainSegment": {
        "Chords": "D7|D7|G7|G7|C7|C7|F7|F7"
      }
    },
    {
      "Label": "A",
      "MainSegment": {
        "Chords": "Bbmaj7,G7|Cm7,F7|Bbmaj7,G7|Cm7,F7|Bb7|Eb7,Ab7|Bb6|Cm7,F7"
      }
    }
  ]
}