{
  "Title": "Flying Home",
  "Composer": "Goodman-Hampton",
  "Key": "Eb",
  "Rhythm": "Medium Swing",
  "TimeSignature": "4/4",
  "Sections": [
    {
      "Label": "A",
      "MainSegment": {
        "Chords": "Eb,Eb/Db|Cm7,,B7,Bb7|Eb,Eb/Db|Cm7,,B7,Bb7|Eb,Eb/Db|Cm7,,B7,Bb7|Eb6"
      },
      "Endings": [
        {
          "Chords": "Bb7"
        },
        {
          "Chords": "Eb6"
        }
      ]
    },
    {
      "Label": "B",
      "MainSegment": {
        "Chords": "Eb7|Eb7|Ab7|Ab7|F7|F7|Bb7|Bb7"
      }
    },
    {
      "Label": "A",
      "MainSegment": {
        "Chords": "Eb,Eb/Db|Cm7,,B7,Bb7|Eb,Eb/Db|Cm7,,B7,Bb7|Eb,Eb/Db|Cm7,,B7,Bb7|Eb6|Bb7"
      }
    }
  ]
}