{
  "Title": "Folks Who Live On The Hill, The",
  "Composer": "Jerome Kern",
  "Rhythm": "Ballad",
  "TimeSignature": "4/4",
  "Sections": [
    {
      "Label": "A",
      "MainSegment": {
        "Chords": "Cmaj7,C#07|Dm7,G7|Em7,Eb07|Dm7,Am7/C|G7/B,Am7|Dm7,G7|E7,A7|Dm7,G7|Em7,A7|Dm7,G7"
      },
      "Endings": [
        {
          "Chords": "C6,Am7|Dm7,G7"
        },
        {
          "Chords": "C6|F#m7b5,B7b9"
        }
      ]
    },
    {
      "Label": "B",
      "MainSegment": {
        "Chords": "Em7|F#m7b5,B7b9|Em,Em/maj7/D#|Em7/D,,A7/C#,D7|G6,G7/F|Em7,A7,Dm7,G7"
      }
    },
    {
      "Label": "A",
      "MainSegment": {
        "Chords": "Cmaj7,C#07|Dm7,G7|Em7,Eb07|Dm7,Am7/C|G7/B,Am7|Dm7,G7|E7,A7|Dm7,G7|Em7,A7|Dm7,G7|Em7b5,A7b9|Dm7,G7|C6,Am7|Dm7,G7"
      }
    }
  ]
}