{
  "Title": "Fools Rush In",
  "Composer": "Rube Bloom",
  "Rhythm": "Slow Swing",
  "TimeSignature": "4/4",
  "Sections": [
    {
      "Label": "A",
      "MainSegment": {
        "Chords": "Dm7|G7|Cmaj7|Am7|Dm7|G7|Cmaj7|A7b9"
      }
    },
    {
      "Label": "B",
      "MainSegment": {
        "Chords": "Dm7|G7|C6|Am7|D7#11|D7#11|Dm7/G|G7"
      }
    },
    {
      "Label": "A",
      "MainSegment": {
        "Chords": "Dm7|G7|Cmaj7|Am7|Dm7|G7|Em7b5|A7b9"
      }
    },
    {
      "Label": "C",
      "MainSegment": {
        "Chords": "Dm7|Fm6|Cmaj7/G|Am7|Dm7|G7|C6|Em7,A7"
      }
    }
  ]
}