{
  "Title": "For Once In My Life",
  "Composer": "Orlando Murden",
  "Key": "Bb",
  "Rhythm": "Medium Swing",
  "TimeSignature": "4/4",
  "Sections": [
    {
      "Label": "B",
      "MainSegment": {
        "Chords": "Bb,Bbaug|Bb6,B07|Cm,G7|Cm,G7|Cm,Cmb6|Cm6,F7|Bb6,F7|Bb6,D7"
      }
    },
    {
      "Label": "A",
      "MainSegment": {
        "Chords": "Gm,Gm/F#|Fm7,Bb7#5|Eb6,Gm7|Cm7,F7|Dm7|Gm7|C7|F7#5"
      }
    },
    {
      "Label": "C",
      "MainSegment": {
        "Chords": "Bb,Bbaug|Bb6,B07|Cm,G7|Cm,G7|Cm,Cmb6|Cm6,F7|Bb6,F7|Bb6,D7"
      }
    },
    {
      "MainSegment": {
        "Chords": "Gm,Gm/F#|Fm7,Bb7#5|Eb6|C7#11|Bb/F,Gm7|Cm7,F7|Bb6|Cm7,F7"
      }
    }
  ]
}