{
  "Title": "For Sentimental Reasons",
  "Composer": "William Best",
  "Key": "F",
  "Rhythm": "Slow Swing",
  "TimeSignature": "4/4",
  "Sections": [
    {
      "Label": "A",
      "MainSegment": {
        "Chords": "Fmaj7,Dm7|Gm7,C7|Fmaj7,Dm7|Gm7,C7|F6,Dm7|Gm7,C7"
      },
      "Endings": [
        {
          "Chords": "A7,D7|G7,C7"
        },
        {
          "Chords": "F6,Bbm6|F6,F7"
        }
      ]
    },
    {
      "Label": "B",
      "MainSegment": {
        "Chords": "Bbmaj7,,Bm7b5,E7|Am7,D7|Gm7,C7|Fmaj7|Em7b5,A7b9|Dm7|G7|Gm7,C7"
      }
    },
    {
      "Label": "A",
      "MainSegment": {
        "Chords": "Fmaj7,Dm7|Gm7,C7|Fmaj7,Dm7|Gm7,C7|F6,Dm7|Gm7,C7|F6,D7|Gm7,C7"
      }
    }
  ]
}