{
  "Title": "Forever Sonny",
  "Composer": "Jimmy Heath",
  "Key": "Bb",
  "Rhythm": "Bossa Nova",
  "TimeSignature": "4/4",
  "Sections": [
    {
      "Label": "A",
      "MainSegment": {
        "Chords": "Gm7|Em7b5,Eb7|Dm7,Gm7|Cm7,F7#5|Bb7|Eb7,Ab7"
      },
      "Endings": [
        {
          "Chords": "Dm7,Gm7|Cm7,D7#9"
        },
        {
          "Chords": "Cm7,F7|Bbmaj7"
        }
      ]
    },
    {
      "Label": "B",
      "MainSegment": {
        "Chords": "D7#9|D7#9|G7|G7|C7#9|C7#9|F7|F7,D7#9"
      }
    },
    {
      "Label": "A",
      "MainSegment": {
        "Chords": "Gm7|Em7b5,Eb7|Dm7,Gm7|Cm7,F7#5|Bb7|Eb7,Ab7|Cm7,F7|Bbmaj7,D7#9"
      }
    }
  ]
}