{
  "Title": "Four Brothers",
  "Composer": "Jimmy Giuffre",
  "Key": "Ab",
  "Rhythm": "Up Tempo Swing",
  "TimeSignature": "4/4",
  "Sections": [
    {
      "Label": "A",
      "MainSegment": {
        "Chords": "Bb7|Bbm7,Eb7#5|Abmaj7|F7|Bbm7|Cm7,F7"
      },
      "Endings": [
        {
          "Chords": "Bbm7,Eb7|Abmaj7,F7"
        },
        {
          "Chords": "Bbm7,Eb7|Ab6"
        }
      ]
    },
    {
      "Label": "B",
      "MainSegment": {
        "Chords": "C#m7,F#7|Bmaj7|Em7,A7|Dmaj7|Dm7,G7|Cmaj7,C#07|Dm7,G7|Cm7,F7"
      }
    },
    {
      "Label": "A",
      "MainSegment": {
        "Chords": "Bb7|Bbm7,Eb7#5|Abmaj7|F7|Bbm7|Cm7,F7|Bbm7,Eb7|Ab6"
      }
    }
  ]
}