{
  "Title": "Fran Dance",
  "Composer": "Miles Davis",
  "Key": "Bb",
  "Rhythm": "Medium Swing",
  "TimeSignature": "4/4",
  "Sections": [
    {
      "Label": "A",
      "Repeats": 1,
      "MainSegment": {
        "Chords": "Bb7|Ab7|G7sus|C7|F7|F7|Cm7,F7|Bb6"
      }
    },
    {
      "Label": "B",
      "MainSegment": {
        "Chords": "Cm7/F|F7|Bbmaj7/F|G7/F|Cm7/F|F7|Bb6|Bb6"
      }
    },
    {
      "Label": "A",
      "MainSegment": {
        "Chords": "Bb7|Ab7|G7sus|C7|F7|F7|Cm7,F7|Bb6"
      }
    },
    {
      "Label": "B",
      "MainSegment": {
        "Chords": "Cm7/F|F7|Bbmaj7/F|G7/F|Cm7/F|F7|Bb6|Bb6"
      }
    }
  ]
}