{
  "Title": "Freckle Face",
  "Composer": "Sammy Nestico",
  "Key": "Bb",
  "Rhythm": "Medium Swing",
  "TimeSignature": "4/4",
  "Sections": [
    {
      "Label": "A",
      "MainSegment": {
        "Chords": "Cm7|F7|Bbmaj7|G7"
      },
      "Endings": [
        {
          "Chords": "Cm7|F7|Bbmaj7|Db07"
        },
        {
          "Chords": "Cm7|F9|Bb6,Bb07|Bb6,Gb07"
        }
      ]
    },
    {
      "Label": "B",
      "MainSegment": {
        "Chords": "Fm7|Bb7|Eb6|D7|Gm7|C9|Cm7|Fm7,Db07"
      }
    },
    {
      "Label": "C",
      "MainSegment": {
        "Chords": "Cm7|F7|Bbmaj7|Db07|Cm7|F7b9|Dm7b5|G7b9|Cm7|Ebm7|Dm7|Db07|Cm7|F7|Bb6,Bb07|Bb6,Db07"
      }
    }
  ]
}