{
  "Title": "From This Moment On",
  "Composer": "Cole Porter",
  "Key": "Fmin",
  "Rhythm": "Up Tempo Swing",
  "TimeSignature": "4/4",
  "Sections": [
    {
      "Label": "A",
      "MainSegment": {
        "Chords": "Fm6|Fm6|Gm7b5|C7b9|Db/F|Fm7|Ebm7|Ab7|Dbmaj7|Dbmaj7|Gb7#11|Gb7#11"
      },
      "Endings": [
        {
          "Chords": "Abmaj7|Abmaj7|Gm7b5|C7b9"
        },
        {
          "Chords": "Abmaj7|Abmaj7|Ebm7|Ab7"
        }
      ]
    },
    {
      "Label": "B",
      "MainSegment": {
        "Chords": "Dbmaj7|Dbmaj7|Dbm7|Gb7|Ab6|Ab6|Cm7|F7|Eb6|C7b9|Fm7|Bb7|Bbm7|Eb7|Db7|C7#9"
      },
      "Endings": [
        {
          "Chords": "Abmaj7|Db7|Cm7|F7|Bbm7|Eb7|Ab6|Ab6"
        }
      ]
    }
  ]
}