{
  "Title": "Funk In Deep Freeze",
  "Composer": "Hank Mobley",
  "Key": "Ab",
  "Rhythm": "Medium Swing",
  "Sections": [
    {
      "Label": "A",
      "MainSegment": {
        "Chords": "Fm7|Db7|Gm7b5,C7b9|Fm7,B7|Bb7,Eb7|Ab7,Db7"
      },
      "Endings": [
        {
          "Chords": "Gm7b5|C7b9"
        },
        {
          "Chords": "Gm7b5,C7b9|Fm69"
        }
      ]
    },
    {
      "Label": "B",
      "MainSegment": {
        "Chords": "Cm7|F7b9|Bbmaj7|Bbmaj7|Ebm7|Ab7|Dbmaj7|C7b9"
      }
    },
    {
      "Label": "A",
      "MainSegment": {
        "Chords": "Fm7|Db7|Gm7b5,C7b9|Fm7,B7|Bb7,Eb7|Ab7,Db7|Gm7b5,C7b9|Fm69"
      }
    }
  ]
}