{
  "Title": "Gallop's Gallop",
  "Composer": "Thelonious Monk",
  "Key": "Ab",
  "Rhythm": "Medium Swing",
  "TimeSignature": "4/4",
  "Sections": [
    {
      "Label": "A",
      "Repeats": 1,
      "MainSegment": {
        "Chords": "D7sus,D7|Bbm7,Eb7|Abmaj7,Bb7|Bbm7,Eb7|Bbm7b5,Eb7|Abmaj7,Bbm7b5|Bm7,E7|Bbm7,Eb7"
      }
    },
    {
      "Label": "B",
      "MainSegment": {
        "Chords": "Ab7sus|Ab7|Dbmaj7|Dbmaj7|Bbm7b5|Bbm7b5|Eb7,Eb7/A|Eb7,Eb7/A"
      }
    },
    {
      "Label": "A",
      "MainSegment": {
        "Chords": "D7sus,D7|Bbm7,Eb7|Abmaj7,Bb7|Bbm7,Eb7|Bbm7b5,Eb7|Abmaj7,Cm7b5|B7,E,A7,|Abmaj7"
      }
    }
  ]
}