{
  "Title": "Gentle Rain, The",
  "Composer": "Luiz Bonfa",
  "Key": "Amin",
  "Rhythm": "Bossa Nova",
  "TimeSignature": "4/4",
  "Sections": [
    {
      "Label": "A",
      "MainSegment": {
        "Chords": "Am6|Am6|E7b9/G#(Bm7b5)|E7b9/G#(E7b9)|Gm6(Am7),(D7)|C7(Gm7),(C7)|F6|F6|F#m7b5|B7b9|Em7b5|A7b9|Dm7b5|Bm7b5,E7b9"
      },
      "Endings": [
        {
          "Chords": "Am6|Bb7#11"
        },
        {
          "Chords": "Am7,D7|Gm7,C7|F6|C7|F6|Em7|Am6|Bb7#11"
        }
      ]
    }
  ]
}