{
  "Title": "Georgia On My Mind",
  "Composer": "Hoagy Carmichael",
  "Key": "F",
  "Rhythm": "Slow Swing",
  "TimeSignature": "4/4",
  "Sections": [
    {
      "Label": "A",
      "MainSegment": {
        "Chords": "Fmaj7|Em7b5,A7b9|Dm,Dm/C|G/B,,Bbm7,Eb7|Am7,D7|Gm7,C7"
      },
      "Endings": [
        {
          "Chords": "Am7,D7|Gm7,C7#5"
        },
        {
          "Chords": "F6|Em7b5,A7b9"
        }
      ]
    },
    {
      "Label": "B",
      "MainSegment": {
        "Chords": "Dm,A7b9(Gm6)|Dm,Bb7|Dm,A7b9(Gm6)|Dm,G7/B|Dm,A7b9(Gm6)|Dm,,Bm7b5,E7|Am7,D7|Gm7,C7"
      }
    },
    {
      "Label": "A",
      "MainSegment": {
        "Chords": "Fmaj7|Em7b5,A7b9|Dm,Dm/C|G/B,,Bbm7,Eb7|Am7,D7|Gm7,C7|F6|Gm7,C7"
      }
    }
  ]
}