{
  "Title": "Get Happy",
  "Composer": "Harold Arlen",
  "Key": "F",
  "Rhythm": "Medium Up Swing",
  "TimeSignature": "4/4",
  "Sections": [
    {
      "Label": "A",
      "MainSegment": {
        "Chords": "F6,Dm7|Gm7,C7|Am7,D7|Gm7,C7|F6,F7/A|Bb6,B07|F6/C,C7|F6,F7"
      }
    },
    {
      "Label": "A",
      "MainSegment": {
        "Chords": "Bb6,Gm7|Cm7,F7|Dm7,G7|Cm7,F7|Bb6,Bb7/D|Eb6,E07|Bb6/F,F7|Bb6"
      }
    },
    {
      "Label": "B",
      "MainSegment": {
        "Chords": "Cm7,F7|Bbm7,Eb7|Am7,D7|Gm7,C7|Cm7,F7|Bbm7,Eb7|Am7,D7|Gm7,C7"
      }
    },
    {
      "Label": "A",
      "MainSegment": {
        "Chords": "F6,Dm7|Gm7,C7|Am7,D7|Gm7,C7|F6,F7/A|Bb6,B07|F6/C,C7|F6,C7"
      }
    }
  ]
}