{
  "Title": "Give Me The Simple Life",
  "Composer": "Rube Bloom",
  "Key": "Eb",
  "Rhythm": "Medium Swing",
  "TimeSignature": "4/4",
  "Sections": [
    {
      "Label": "A",
      "MainSegment": {
        "Chords": "Fm7,Bb7|Gm7,C7|Dm7b5,G7b13|Cm7,Cm7/Bb|Am7b5,Abm6|Eb6/G,Gb07"
      },
      "Endings": [
        {
          "Chords": "Fm7,C7|F7,C7"
        },
        {
          "Chords": "Fm7,Bb7|Eb6,Cm7"
        }
      ]
    },
    {
      "Label": "B",
      "MainSegment": {
        "Chords": "Fm7,Bb7|Gm7,C7|Fm7,Bb7|Ebmaj7|Dm7b5,G7b9|Cm7|F7|Bb7"
      }
    },
    {
      "Label": "A",
      "MainSegment": {
        "Chords": "Fm7,Bb7|Gm7,C7|Dm7b5,G7b13|Cm7,Cm7/Bb|Am7b5,Abm6|Eb6/G,Gb07|Fm7,Bb7|Eb6,C7"
      }
    }
  ]
}