{
  "Title": "Glad To Be Unhappy",
  "Composer": "Rodgers-Hart",
  "Key": "F",
  "Rhythm": "Ballad",
  "TimeSignature": "4/4",
  "Sections": [
    {
      "Label": "A",
      "MainSegment": {
        "Chords": "Gm7|Eb7|C7|C7|Gm7|Eb7|C7|F6,F7"
      }
    },
    {
      "Label": "B",
      "MainSegment": {
        "Chords": "Bbmaj7,C7|Am7,D7|Gm7,C7|F6|Bbmaj7,Bm7,E7,|Am7,D7|Gm7,C7|F6"
      }
    },
    {
      "Label": "C",
      "MainSegment": {
        "Chords": "Gm7|Eb7|C7|C7|Am7,D7|Gm7,C7|F6|F6"
      }
    }
  ]
}