{
  "Title": "Glory Of Love, The",
  "Composer": "Billy Hill",
  "Key": "G",
  "Rhythm": "Ballad",
  "TimeSignature": "4/4",
  "Sections": [
    {
      "Label": "A",
      "MainSegment": {
        "Chords": "Gmaj7,Em7|Am7,D7|Gmaj7,G7|Cmaj7,Cm6|Bm7,Em7|Am7,D7"
      },
      "Endings": [
        {
          "Chords": "G6,Em7|Am7,D7"
        },
        {
          "Chords": "G6|Dm7,G7"
        }
      ]
    },
    {
      "Label": "B",
      "MainSegment": {
        "Chords": "Cmaj7|Cmaj7|Gmaj7,G07|Gmaj7,G7|Cm7|Cm7|A7|D7"
      }
    },
    {
      "Label": "A",
      "MainSegment": {
        "Chords": "Gmaj7,Em7|Am7,D7|Gmaj7,G7|Cmaj7,Cm6|Bm7,Em7|Am7,D7|G6|Am7,D7"
      }
    }
  ]
}