{
  "Title": "God Bless The Child",
  "Composer": "Herzog-Holiday",
  "Key": "Eb",
  "Rhythm": "Ballad",
  "TimeSignature": "4/4",
  "Sections": [
    {
      "Label": "A",
      "MainSegment": {
        "Chords": "Eb,Eb7,Ab6,|Eb,Eb7,Ab6,|Bbm7,Eb7|Bbm7,Eb7|Abmaj7|Abm6|Gm7,C7b9|Fm7,Bb7"
      },
      "Endings": [
        {
          "Chords": "Eb6|Fm7,Bb7"
        },
        {
          "Chords": "Eb6|Dm7b5,G7b9"
        }
      ]
    },
    {
      "Label": "B",
      "MainSegment": {
        "Chords": "Cm,Cm/maj7|Cm7,Cm6|Gm7|Dm7b5,G7b9|Cm,Cm/maj7|Cm7,Cm6|Gm7,C7|Fm7,Bb7"
      }
    },
    {
      "Label": "A",
      "MainSegment": {
        "Chords": "Eb,Eb7,Ab6,|Eb,Eb7,Ab6,|Bbm7,Eb7|Bbm7,Eb7|Abmaj7|Abm6|Gm7,C7b9|Fm7,Bb7|Eb6|Fm7,Bb7"
      }
    }
  ]
}