{
  "Title": "Golden Earring",
  "Composer": "Jay Livingston",
  "Key": "Cmin",
  "Rhythm": "Medium Swing",
  "TimeSignature": "4/4",
  "Sections": [
    {
      "Label": "A",
      "Repeats": 1,
      "MainSegment": {
        "Chords": "Cm,G7/D|Cm/Eb,Cm7|Am7b5,Ab7|Dm7b5,G7b9|Cm,D7|G7,Ab7|G7b9|Cm"
      }
    },
    {
      "Label": "B",
      "MainSegment": {
        "Chords": "Fm7|Bb7|Ebmaj7|Ebmaj7|Ebm7|Ab7|Am7b5,Ab7|G7sus,G7"
      }
    },
    {
      "Label": "A",
      "MainSegment": {
        "Chords": "Cm,G7/D|Cm/Eb,Cm7|Am7b5,Ab7|G7b9|Cm,D7|G7,Ab7|G7b9|Cm"
      }
    }
  ]
}