{
  "Title": "Good Bait",
  "Composer": "Tadd Dameron",
  "Key": "Bb",
  "Rhythm": "Medium Swing",
  "TimeSignature": "4/4",
  "Sections": [
    {
      "Label": "A",
      "MainSegment": {
        "Chords": "Bb6,Gm7|Cm7,F7|Bb6,Gm7|Cm7,F7|Bbmaj7,Bb7|Ebmaj7,Ab7|Dm,Db7,Cm,B7"
      },
      "Endings": [
        {
          "Chords": "Bb6,F7alt"
        },
        {
          "Chords": "Bb6,Bb7#5"
        }
      ]
    },
    {
      "Label": "B",
      "MainSegment": {
        "Chords": "Eb6,Cm7|Fm7,Bb7|Eb6,Cm7|Fm7,Bb7|Ebmaj7,Eb7|Abmaj7,Db7|Gm,Gb7,Fm,E7|Eb6,F7"
      }
    },
    {
      "Label": "A",
      "MainSegment": {
        "Chords": "Bb6,Gm7|Cm7,F7|Bb6,Gm7|Cm7,F7|Bbmaj7,Bb7|Ebmaj7,Ab7|Dm,Db7,Cm,B7|Bb6,F7alt"
      }
    }
  ]
}