{
  "Title": "Goodbye",
  "Composer": "Gordon Jenkins",
  "Rhythm": "Ballad",
  "TimeSignature": "4/4",
  "Sections": [
    {
      "Label": "A",
      "MainSegment": {
        "Chords": "Ab7#11|Ab7#11|G7b13,Ab7#11|G7b13|Cm7,Cm7/Bb|Am7b5,Ab7#11|Cm7/G,Ab7/Gb|G7b9/F,Cm7/Eb|Dm7b5,Ab7#11"
      },
      "Endings": [
        {
          "Chords": "G7b13,Db7#11|Cmaj7|Dm7b5,G7b9"
        },
        {
          "Chords": "G7b13,Db7#11|Cmaj7|Bb7,A7#9"
        }
      ]
    },
    {
      "Label": "B",
      "MainSegment": {
        "Chords": "Dm7|G7|C6|C6|Fm7|Bb7|Ebmaj7|Dm7b5,G7b9"
      }
    }
  ]
}