{
  "Title": "H & H",
  "Composer": "Pat Metheny",
  "Rhythm": "Up Tempo Swing",
  "TimeSignature": "3/4",
  "Sections": [
    {
      "Label": "A",
      "MainSegment": {
        "Chords": "B,E|A,Ab|Db,G|Csus,C,D,|E,,A,D|D,G|F#,B|C,F|C,G|D,G|Ab,Eb|D,A|D,A|F#"
      }
    },
    {
      "Label": "B",
      "Repeats": 1,
      "MainSegment": {
        "Chords": "B7|E7|B7|F#m7,B7|E7|F07|B7|D#m7,G#7|C#m7|F#7|B7,G#7|C#m7,F#7"
      }
    },
    {
      "Repeats": 1,
      "MainSegment": {
        "Chords": "D,A|D,A"
      }
    },
    {
      "MainSegment": {
        "Chords": "D"
      }
    }
  ]
}