{
  "Title": "Hackensack",
  "Composer": "Thelonious Monk",
  "Key": "F",
  "Rhythm": "Medium Swing",
  "TimeSignature": "4/4",
  "Sections": [
    {
      "Label": "A",
      "MainSegment": {
        "Chords": "F6|Bb7|F6|Am7,D7|Gm7|C7"
      },
      "Endings": [
        {
          "Chords": "F6|C7"
        },
        {
          "Chords": "F6|F6"
        }
      ]
    },
    {
      "Label": "B",
      "MainSegment": {
        "Chords": "Bb7|B07|F6|Am7,D7|G7|G7|C7|Db7"
      }
    },
    {
      "Label": "A",
      "MainSegment": {
        "Chords": "F6|Bb7|F6|Am7,D7|Gm7|C7|F6|C7"
      }
    }
  ]
}