{
  "Title": "Hallelujah I Love Her So",
  "Composer": "Ray Charles",
  "Key": "Bb",
  "Rhythm": "Medium Swing",
  "TimeSignature": "4/4",
  "Sections": [
    {
      "Label": "A",
      "Repeats": 1,
      "MainSegment": {
        "Chords": "Bb,Bb/D|Eb,,E0,F7|Bb,Bb/D|Eb,,E0,F7|Bb|Bb7/D|Eb|E07|Bb,D7/A|Gm,Eb7|C7,F7sus|Bb"
      }
    },
    {
      "Label": "B",
      "MainSegment": {
        "Chords": "Eb6|E07|Bb/F|Bb7|Eb9|Db9|C7|F7"
      }
    },
    {
      "Label": "A",
      "MainSegment": {
        "Chords": "Bb,Bb/D|Eb,E0,F7,|Bb,Bb/D|Eb,E0,F7,|Bb|Bb7/D|Eb|E07|Bb,D7/A|Gm,Eb7|C7,F7|Bb"
      }
    }
  ]
}