{
  "Title": "Hallucinations",
  "Composer": "Bud Powell",
  "Key": "F",
  "Rhythm": "Up Tempo Swing",
  "TimeSignature": "4/4",
  "Sections": [
    {
      "Label": "A",
      "MainSegment": {
        "Chords": "F6,Bb7|A7,D7|G7,C7|F6,F7|Bb7,B07|F7/C,D7|Gm7,C7"
      },
      "Endings": [
        {
          "Chords": "F6,C7"
        },
        {
          "Chords": "F6"
        }
      ]
    },
    {
      "Label": "B",
      "MainSegment": {
        "Chords": "Dm7,G7|Cm7,F7|Bbm7,Eb7|Am7,D7|Gm7,D7/A|Bb6,C7|F6,D7|Gm7,C7"
      }
    },
    {
      "Label": "A",
      "MainSegment": {
        "Chords": "F6,Bb7|A7,D7|G7,C7|F6,F7|Bb7,B07|F7/C,D7|Gm7,C7|F6"
      }
    },
    {
      "Label": "C",
      "MainSegment": {
        "Chords": "Bm7b5,E7|Am7b5,D7|Gm7b5|C7|F6|Gm7,C7"
      }
    }
  ]
}