{
  "Title": "Happy Little Sunbeam",
  "Composer": "Russ Freeman",
  "Key": "F",
  "Rhythm": "Up Tempo Swing",
  "TimeSignature": "4/4",
  "Sections": [
    {
      "Label": "A",
      "MainSegment": {
        "Chords": "Gm7|C7|F6|F6,Abm7|Gm7|C7|Cm7|F7"
      }
    },
    {
      "Label": "B",
      "MainSegment": {
        "Chords": "Bbm7,Eb7|Abmaj7|Fm7|Eb6|Dm7,G7|Cmaj7|Dm7,G7|Cmaj7,Abm7"
      }
    },
    {
      "Label": "A",
      "MainSegment": {
        "Chords": "Gm7|C7|F6|F6,Abm7|Gm7|C7|Am7|D7"
      }
    },
    {
      "Label": "C",
      "MainSegment": {
        "Chords": "Bm7,E7|Am7,D7|Gm7,C7|Eb7b5,D7|Gm7|C7|F6|F6"
      }
    }
  ]
}