{
  "Title": "Happy Talk",
  "Composer": "Rodgers-Hammerstein II",
  "Key": "F",
  "Rhythm": "Medium Swing",
  "TimeSignature": "4/4",
  "Sections": [
    {
      "Label": "A",
      "Repeats": 1,
      "MainSegment": {
        "Chords": "F6|Faug|Bb6|G7|C7sus|Gm7,C7|F6|F6,F7|Bb6|Eb7|F6|D7b13|Dm7,G7|Gm7,C7|F6|Gm7,C7sus"
      }
    },
    {
      "Label": "B",
      "MainSegment": {
        "Chords": "Fmaj7|Fmaj7|Fmaj7|Fmaj7|Gm7|C7|F6,Dm7|Gm7,C7|Fmaj7|Fmaj7|Fmaj7|Fmaj7|Gm7|Gm7|C,Bb/D|D#07,C7/E"
      }
    },
    {
      "Label": "A",
      "MainSegment": {
        "Chords": "F6|Faug|Bb6|G7|C7sus|Gm7,C7|F6|F6,F7|Bb6|Eb7|F6|D7b13|Dm7,G7|Gm7,C7|F6|Gm7,C7sus"
      }
    }
  ]
}