{
  "Title": "Haunted Heart",
  "Composer": "Arthur Schwartz",
  "Key": "Eb",
  "Rhythm": "Ballad",
  "TimeSignature": "4/4",
  "Sections": [
    {
      "Label": "A",
      "MainSegment": {
        "Chords": "Eb6,Cm7|Fm7,Bb7|Eb6,Cm7|Fm7,Bb7|Eb6,Abmaj7|Gm7,C7b13|Fm7|Bb7"
      }
    },
    {
      "Label": "B",
      "MainSegment": {
        "Chords": "Fm7|F#07|Gm7,Bb7|Ebmaj7|Am7b5|D7b9|Gm7,C7|Fm7,Bb7"
      }
    },
    {
      "Label": "A",
      "MainSegment": {
        "Chords": "Eb6,Cm7|Fm7,Bb7|Eb6,Cm7|Fm7,Bb7|Eb6,Abmaj7|Gm7,C7b13|Bbm7|Eb7"
      }
    },
    {
      "Label": "C",
      "MainSegment": {
        "Chords": "Ab6|A07|Eb6/Bb|Cm7|Am7b5|D7b13|Gm7b5|C7b9|Fm7|Bb7|Eb6|Fm7,Bb7"
      }
    }
  ]
}