{
  "Title": "Have You Met Miss Jones?",
  "Composer": "Richard Rodgers",
  "Key": "F",
  "Rhythm": "Medium Swing",
  "TimeSignature": "4/4",
  "Sections": [
    {
      "Label": "A",
      "MainSegment": {
        "Chords": "Fmaj7|D7|Gm7|C7|Am7|Dm7"
      },
      "Endings": [
        {
          "Chords": "Gm7|C7"
        },
        {
          "Chords": "Cm7|F7"
        }
      ]
    },
    {
      "Label": "B",
      "MainSegment": {
        "Chords": "Bbmaj7|Abm7,Db7|Gbmaj7|Em7,A7|Dmaj7|Abm7,Db7|Gbmaj7|Gm7,C7"
      }
    },
    {
      "Label": "A",
      "MainSegment": {
        "Chords": "Fmaj7,Bb7|Am7,D7|Gm7|C7|Am7,D7|Gm7,C7|F6|Gm7,C7"
      }
    }
  ]
}