{
  "Title": "He's A Tramp",
  "Composer": "Lee-Burke",
  "Key": "G",
  "Rhythm": "Medium Swing",
  "TimeSignature": "4/4",
  "Sections": [
    {
      "Label": "A",
      "Repeats": 1,
      "MainSegment": {
        "Chords": "Am7,D7|Am7,D7|Am7,D7|Am7,D7|Gmaj7,Gb7|F7,E7|A7,D7|G6"
      }
    },
    {
      "Label": "B",
      "MainSegment": {
        "Chords": "G7|G7|Cmaj7|Cmaj7|A7|A7|Am7|D7"
      }
    },
    {
      "Label": "A",
      "MainSegment": {
        "Chords": "Am7,D7|Am7,D7|Am7,D7|Am7,D7|Gmaj7,Gb7|F7,E7|A7,D7|G6"
      }
    }
  ]
}