{
  "Title": "Heart And Soul",
  "Composer": "Hoagy Carmichael",
  "Key": "F",
  "Rhythm": "Medium Swing",
  "TimeSignature": "4/4",
  "Sections": [
    {
      "Label": "A",
      "MainSegment": {
        "Chords": "F6,Dm7|Gm7,C7|Fmaj7,Dm7|Gm7,C7|Am7,Dm7|Gm7,C7"
      },
      "Endings": [
        {
          "Chords": "F6,Dm7|Gm7,C7"
        },
        {
          "Chords": "F6,,Gm7,C7|Fmaj7,,Cm7,F7"
        }
      ]
    },
    {
      "Label": "B",
      "MainSegment": {
        "Chords": "Bbmaj7,A7|D7,G7|C7,F7|Bb7,A7|Bbmaj7,A7|D7,G7|C7,F7|Bb7,C7"
      }
    },
    {
      "Label": "A",
      "MainSegment": {
        "Chords": "F6,Dm7|Gm7,C7|Fmaj7,Dm7|Gm7,C7|Am7,Dm7|Gm7,C7|A7,D7|Gm7,C7|F6,Dm7|Gm7,C7"
      }
    }
  ]
}