{
  "Title": "Heat Wave",
  "Composer": "Irving Berlin",
  "Key": "G",
  "Rhythm": "Medium Swing",
  "TimeSignature": "4/4",
  "Sections": [
    {
      "Label": "A",
      "Repeats": 1,
      "MainSegment": {
        "Chords": "Gmaj7,Am7|Bm7,Am7|Gmaj7,Am7|Bm7,Am7|Gmaj7,G7|Cmaj7,F7|Em7,A7|D7,G6,G6,"
      }
    },
    {
      "Label": "B",
      "MainSegment": {
        "Chords": "Cmaj7,Am7|Dm7,G7|C6,Am7|Dm7,G7|C6,Am7|D7|G6|D7sus,D7"
      }
    },
    {
      "Label": "A",
      "MainSegment": {
        "Chords": "Gmaj7,Am7|Bm7,Am7|Gmaj7,Am7|Bm7,Am7|Gmaj7,G7|Cmaj7,F7|Em7,A7|D7,G6,G6,"
      }
    }
  ]
}