{
  "Title": "Heaven",
  "Composer": "Duke Ellington",
  "Key": "Bb",
  "Rhythm": "Ballad",
  "TimeSignature": "4/4",
  "Sections": [
    {
      "Label": "A",
      "Repeats": 1,
      "MainSegment": {
        "Chords": "Bbmaj7|Bbmaj7|G7b5|G7b5|C7#11|C7#11|F7#5|F7#5"
      }
    },
    {
      "Label": "B",
      "MainSegment": {
        "Chords": "Fm7|Bb7|Ebmaj7|Ebmaj7|Em7b5|A7|Dm7|C7,B7"
      }
    },
    {
      "Label": "C",
      "MainSegment": {
        "Chords": "Bbmaj7|Bbmaj7|G7|G7|C7|C7,F7|Bbmaj7|Bbmaj7"
      }
    }
  ]
}