{
  "Title": "Hello",
  "Composer": "Milt Jackson",
  "Key": "G",
  "Rhythm": "Ballad",
  "TimeSignature": "4/4",
  "Sections": [
    {
      "Label": "A",
      "MainSegment": {
        "Chords": "Am7,,Bm7,E7|Am7,D7|Gmaj7,C7|Bm7,Em7|Am7,,Bm7,(Am7/C)"
      },
      "Endings": [
        {
          "Chords": "Am7,D7b9|Gmaj7,Am7|Bm7,Em7"
        },
        {
          "Chords": "Am7|D7|Dm7,G7"
        }
      ]
    },
    {
      "Label": "B",
      "MainSegment": {
        "Chords": "Cmaj7|G,,F#m7b5,B7|Em7|Dm7,G7|Cmaj7|G,,F#m7b5,B7|Em7,A7|Am7,,Bm7,E7"
      }
    },
    {
      "Label": "A",
      "MainSegment": {
        "Chords": "Am7,,Bm7,E7|Am7,D7|Gmaj7,C7|Bm7,Em7|Am7,Bm7|Am7,D7|Gmaj7,Cm6|Bm7,E7"
      }
    }
  ]
}