{
  "Title": "Hello Young Lovers",
  "Composer": "Richard Rogers",
  "Rhythm": "Medium Up Swing",
  "TimeSignature": "3/4",
  "Sections": [
    {
      "Label": "A",
      "MainSegment": {
        "Chords": "Cmaj7|Dm7|Em7|Dm7|Cmaj7|C#07|Dm7|G7|Dm7b5|G7/B|Ebmaj7/Bb|G7|Dm7|G7"
      },
      "Endings": [
        {
          "Chords": "C6|G7"
        },
        {
          "Chords": "C6|C7"
        }
      ]
    },
    {
      "Label": "B",
      "MainSegment": {
        "Chords": "F6|Gm7|Am7|Gm7|Fmaj7|Gm7|Fmaj7|Fmaj7|Bm7b5|E7|Am7|D7|Dm7|A7b13|Dm7|G7"
      }
    },
    {
      "Label": "A",
      "MainSegment": {
        "Chords": "Cmaj7|Dm7|Em7|Dm7|Cmaj7|C#07|Dm7|G7|Dm7b5|G7/B|Ebmaj7/Bb|G7|Dm7|G7|Gm7|C7|F6|Fm7|E7|A7|Dm7|Ab7,G7|C6|C6"
      }
    }
  ]
}