{
  "Title": "Here's To Life",
  "Composer": "Artie Butler",
  "Key": "Cmin",
  "Rhythm": "Ballad",
  "TimeSignature": "4/4",
  "Sections": [
    {
      "Label": "A",
      "MainSegment": {
        "Chords": "Fm7|Bb7sus,Bb9|Ebmaj7|Abmaj9|Dm7b5|G7b9#5|Cm7|Cm7"
      }
    },
    {
      "Label": "A",
      "MainSegment": {
        "Chords": "Fm7|Bb7sus,Bb9|Ebmaj7|Abmaj9|Dm7b5|G7b9#5|Cmaj7|Cmaj7"
      }
    },
    {
      "Label": "B",
      "Repeats": 1,
      "MainSegment": {
        "Chords": "Abmaj7|Dm7b5/Ab|Cmaj7|C7/Bb|Abmaj7|Dm7b5/Ab|C7sus|C7sus"
      }
    },
    {
      "Label": "C",
      "MainSegment": {
        "Chords": "Abmaj7|Bb9/Ab|B07|Cm7|Fm7|Bb7sus,Bb9|Cm7|Cm7/Bb"
      }
    },
    {
      "Label": "D",
      "MainSegment": {
        "Chords": "Abmaj7|Bb9/Ab|B07|Bbm7,A7b5|Abmaj7|Bb9/Ab|B07|Cm7|Fm7|Bb7sus|Cm9|Cm9"
      }
    }
  ]
}