{
  "Title": "Here's To My Lady",
  "Composer": "Bloom-Mercer",
  "Key": "Eb",
  "Rhythm": "Medium Swing",
  "TimeSignature": "4/4",
  "Sections": [
    {
      "Label": "A",
      "MainSegment": {
        "Chords": "Ebmaj7,Fm7|Gm7,Db7|Cm7,B7#9|Bbm7,Eb7|Abmaj7,Gm7|Fm7,Fm7/Eb|Dm7b5|Db7#11"
      }
    },
    {
      "Label": "B",
      "MainSegment": {
        "Chords": "Ebmaj7,Db7|Cm7|Fm7,Bb7|Ebmaj7,Db7|Cm7,Cm/maj7|Cm7,F7|Fm7|Bb7"
      }
    },
    {
      "Label": "C",
      "MainSegment": {
        "Chords": "Ebmaj7,Bb7|Bbm7,Eb7|Abmaj7|Abm7,Db7|Cm7|F7|Fm7|Bb7sus,Bb7b9"
      }
    },
    {
      "Label": "D",
      "MainSegment": {
        "Chords": "Ebmaj7,Fm7|Gm7,G7#5|Abmaj7,Bbm7|Cm7,Db7|Gm7,Gb7|Fm7,Bb7|Eb6,Cm7|Fm7,Bb7sus"
      }
    }
  ]
}