{
  "Title": "High Hopes",
  "Composer": "Jimmy Van-Heusen",
  "Key": "F",
  "Rhythm": "Medium Swing",
  "TimeSignature": "4/4",
  "Sections": [
    {
      "Label": "i",
      "MainSegment": {
        "Chords": "F|F#07|Gm7|C7|F6,Dm7|Gm7,C7"
      }
    },
    {
      "MainSegment": {
        "Chords": "F|Bb|C7|F6|F6,F#07|Gm7,G#07|Gm7,C7|F,F7"
      }
    },
    {
      "Label": "A",
      "MainSegment": {
        "Chords": "Bbmaj7|Bbmaj7,B07|F/C|F,Dm7|G7|G7|C7|C7|F|F7|Bb|B07|F,F#07|Gm7,C7|F,F#07|Gm7,C7|F,F#07|Gm7,C7|F6|Gm7,C7"
      }
    }
  ]
}