{
  "Title": "Home At Last",
  "Composer": "Hank Mobley",
  "Key": "Bb",
  "Rhythm": "Bossa Nova",
  "TimeSignature": "4/4",
  "Sections": [
    {
      "Label": "A",
      "MainSegment": {
        "Chords": "Bbmaj7|Bbmaj7|Am7b5|D7#9|Gm7|Gm7|Fm7|Bb7"
      },
      "Endings": [
        {
          "Chords": "Ebmaj7|Ab7#11|Bbmaj7|Bbmaj7|Em7b5|A7#9|Dm7,G7#9|Cm7,F7"
        },
        {
          "Chords": "Ebmaj7|Ab7#11|Dm7|G7b9"
        }
      ]
    },
    {
      "Label": "B",
      "MainSegment": {
        "Chords": "Gbmaj7#11|Gbmaj7#11|Gbmaj7#11|Gbmaj7#11|Gbmaj7#11|F7#5|Bbm7|Bbm7|Bbm7|Bbm7"
      }
    }
  ]
}